clip_id,has_audio
2,False
6,False
10,False
11,False
12,False
14,False
19,False
21,False
23,False
29,False
33,False
37,False
38,False
40,False
44,False
48,False
49,False
50,False
51,False
53,False
61,False
63,False
64,False
66,False
67,False
71,False
73,False
74,False
76,False
78,False
79,False
80,False
81,False
82,False
84,False
85,False
90,False
91,False
92,False
94,False
97,False
98,False
99,False
101,False
105,False
115,False
117,False
119,False
120,False
122,False
123,False
125,False
127,False
128,False
131,False
133,False
134,False
139,False
141,False
144,False
145,False
146,False
147,False
148,False
150,False
151,False
154,False
157,False
158,False
163,False
165,False
166,False
169,False
171,False
172,False
174,False
175,False
177,False
178,False
180,False
181,False
184,False
186,False
188,False
190,False
191,False
195,False
198,False
199,False
202,False
204,False
205,False
206,False
207,False
208,False
213,False
219,False
224,False
227,False
232,False
234,False
235,False
238,False
239,False
241,False
244,False
252,False
253,False
255,False
283,False
284,False
285,False
287,False
289,False
290,False
293,False
295,False
297,False
299,False
300,False
301,False
305,False
306,False
308,False
309,False
310,False
327,False
329,False
333,False
342,False
347,False
354,False
362,False
364,False
367,False
368,False
369,False
372,False
376,False
379,False
382,False
392,False
393,False
396,False
399,False
403,False
405,False
408,False
410,False
412,False
422,False
426,False
429,False
436,False
438,False
440,False
441,False
447,False
451,False
452,False
457,False
458,False
460,False
462,False
468,False
470,False
473,False
474,False
477,False
479,False
484,False
485,False
487,False
488,False
493,False
494,False
497,False
499,False
502,False
503,False
504,False
511,False
513,False
515,False
518,False
519,False
525,False
527,False
528,False
530,False
534,False
537,False
538,False
539,False
540,False
541,False
542,False
544,False
558,False
559,False
561,False
563,False
564,False
566,False
568,False
579,False
581,False
582,False
583,False
586,False
587,False
589,False
596,False
597,False
598,False
599,False
601,False
603,False
604,False
605,False
612,False
613,False
616,False
617,False
618,False
620,False
621,False
623,False
624,False
625,False
628,False
633,False
637,False
638,False
640,False
642,False
643,False
648,False
649,False
651,False
655,False
657,False
663,False
667,False
668,False
670,False
671,False
673,False
675,False
676,False
683,False
686,False
687,False
688,False
689,False
691,False
692,False
693,False
695,False
696,False
697,False
699,False
700,False
702,False
703,False
707,False
708,False
710,False
712,False
714,False
716,False
721,False
732,False
733,False
734,False
735,False
740,False
741,False
745,False
751,False
752,False
778,False
779,False
781,False
783,False
785,False
791,False
792,False
793,False
798,False
803,False
804,False
805,False
806,False
807,False
808,False
810,False
813,False
817,False
819,False
830,False
831,False
833,False
834,False
836,False
837,False
838,False
841,False
852,False
853,False
860,False
866,False
867,False
869,False
872,False
873,False
874,False
879,False
892,False
901,False
902,False
904,False
907,False
909,False
911,False
913,False
914,False
915,False
918,False
919,False
920,False
921,False
923,False
925,False
927,False
928,False
931,False
933,False
934,False
935,False
936,False
940,False
941,False
942,False
967,False
968,False
969,False
970,False
1037,False
1039,False
1040,False
1044,False
1064,False
1070,False
1071,False
1074,False
1078,False
1080,False
1082,False
1083,False
1086,False
1088,False
1089,False
1090,False
1091,False
1092,False
1100,False
1103,False
1104,False
1108,False
1110,False
1112,False
1113,False
1114,False
1116,False
1119,False
1121,False
1123,False
1124,False
1128,False
1129,False
1131,False
1133,False
1136,False
1137,False
1138,False
1141,False
1142,False
1145,False
1146,False
1150,False
1151,False
1152,False
1153,False
1156,False
1158,False
1161,False
1163,False
1166,False
1167,False
1185,False
1188,False
1190,False
1191,False
1192,False
1198,False
1201,False
1202,False
1206,False
1209,False
1211,False
1212,False
1213,False
1215,False
1218,False
1219,False
1222,False
1223,False
1224,False
1225,False
1226,False
1230,False
1231,False
1236,False
1237,False
1241,False
1242,False
1243,False
1264,False
1268,False
1269,False
1271,False
1273,False
1275,False
1277,False
1280,False
1282,False
1283,False
1287,False
1288,False
1289,False
1290,False
1292,False
1345,False
1349,False
1350,False
1351,False
1352,False
1354,False
1355,False
1357,False
1380,False
1381,False
1382,False
1385,False
1389,False
1390,False
1391,False
1401,False
1403,False
1405,False
1408,False
1409,False
1410,False
1412,False
1413,False
1415,False
1416,False
1419,False
1421,False
1423,False
1426,False
1431,False
1432,False
1433,False
1436,False
1439,False
1442,False
1443,False
1445,False
1448,False
1450,False
1451,False
1452,False
1455,False
1456,False
1457,False
1458,False
1462,False
1463,False
1464,False
1468,False
1469,False
1470,False
1473,False
1475,False
1478,False
1479,False
1480,False
1482,False
1483,False
1484,False
1485,False
1488,False
1490,False
1491,False
1492,False
1498,False
1502,False
1507,False
1509,False
1511,False
1513,False
1515,False
1519,False
1520,False
1522,False
1523,False
1526,False
1528,False
1530,False
1531,False
1532,False
1534,False
1538,False
1541,False
1542,False
1543,False
1544,False
1545,False
1547,False
1548,False
1549,False
1553,False
1557,False
1558,False
1564,False
1594,False
1600,False
1602,False
1606,False
1607,False
1610,False
1612,False
1613,False
1615,False
1620,False
1621,False
1622,False
1623,False
1627,False
1631,False
1642,False
1643,False
1644,False
1646,False
1648,False
1650,False
1651,False
1655,False
1656,False
1657,False
1662,False
1665,False
1667,False
1670,False
1671,False
1673,False
1676,False
1677,False
1679,False
1680,False
1681,False
1684,False
1685,False
1686,False
1689,False
1692,False
1699,False
1700,False
1702,False
1703,False
1706,False
1708,False
1710,False
1713,False
1714,False
1716,False
1718,False
1719,False
1720,False
1726,False
1727,False
1729,False
1731,False
1736,False
1738,False
1739,False
1740,False
1743,False
1744,False
1745,False
1748,False
1749,False
1753,False
1757,False
1760,False
1762,False
1763,False
1764,False
1765,False
1766,False
1767,False
1769,False
1770,False
1771,False
1772,False
1776,False
1781,False
1782,False
1783,False
1789,False
1794,False
1796,False
1799,False
1802,False
1805,False
1806,False
1812,False
1819,False
1824,False
1853,False
1854,False
1856,False
1857,False
1858,False
1861,False
1862,False
1865,False
1867,False
1868,False
1870,False
1872,False
1873,False
1874,False
1876,False
1878,False
1879,False
1881,False
1884,False
1885,False
1894,False
1895,False
1897,False
1898,False
1900,False
1904,False
1907,False
1908,False
1909,False
1910,False
1915,False
1918,False
1921,False
1925,False
1928,False
1932,False
1934,False
1935,False
1936,False
1938,False
1940,False
1943,False
1946,False
1947,False
1948,False
1950,False
1951,False
1952,False
1954,False
1955,False
1960,False
1963,False
1964,False
1965,False
1968,False
1972,False
1975,False
1988,False
1991,False
1992,False
1993,False
1995,False
1996,False
1997,False
2001,False
2002,False
2003,False
2004,False
2006,False
2010,False
2011,False
2013,False
2019,False
2020,False
2022,False
2025,False
2027,False
2028,False
2036,False
2037,False
2039,False
2041,False
2044,False
2050,False
2052,False
2055,False
2060,False
2062,False
2063,False
2067,False
2069,False
2072,False
2073,False
2074,False
2076,False
2077,False
2082,False
2083,False
2084,False
2085,False
2086,False
2087,False
2095,False
2099,False
2100,False
2106,False
2107,False
2109,False
2111,False
2115,False
2117,False
2119,False
2120,False
2121,False
2122,False
2124,False
2125,False
2126,False
2127,False
2132,False
2133,False
2135,False
2137,False
2139,False
2140,False
2141,False
2142,False
2143,False
2144,False
2145,False
2147,False
2148,False
2154,False
2156,False
2157,False
2158,False
2159,False
2175,False
2177,False
2179,False
2182,False
2184,False
2185,False
2188,False
2189,False
2190,False
2192,False
2194,False
2196,False
2197,False
2199,False
2200,False
2203,False
2204,False
2205,False
2206,False
2208,False
2209,False
2210,False
2213,False
2221,False
2222,False
2229,False
2230,False
2233,False
2234,False
2241,False
2242,False
2243,False
2246,False
2248,False
2249,False
2250,False
2252,False
2255,False
2257,False
2259,False
2262,False
2263,False
2264,False
2286,False
2287,False
2292,False
2295,False
2296,False
2298,False
2300,False
2304,False
2305,False
2306,False
2308,False
2310,False
2311,False
2314,False
2318,False
2319,False
2320,False
2323,False
2324,False
2328,False
2329,False
2330,False
2331,False
2335,False
2336,False
2339,False
2340,False
2341,False
2342,False
2344,False
2345,False
2346,False
2347,False
2348,False
2351,False
2355,False
2357,False
2358,False
2362,False
2367,False
2370,False
2373,False
2374,False
2377,False
2380,False
2382,False
2403,False
2404,False
2405,False
2408,False
2411,False
2413,False
2414,False
2416,False
2417,False
2419,False
2422,False
2423,False
2425,False
2427,False
2431,False
2434,False
2443,False
2445,False
2446,False
2449,False
2450,False
2451,False
2455,False
2460,False
2462,False
2463,False
2466,False
2470,False
2471,False
2474,False
2475,False
2481,False
2482,False
2483,False
2485,False
2486,False
2487,False
2493,False
2496,False
2499,False
2500,False
2503,False
2504,False
2508,False
2509,False
2511,False
2512,False
2513,False
2515,False
2519,False
2521,False
2524,False
2525,False
2529,False
2531,False
2532,False
2536,False
2538,False
2539,False
2540,False
2541,False
2545,False
2557,False
2559,False
2560,False
2562,False
2563,False
2565,False
2566,False
2569,False
2570,False
2571,False
2574,False
2579,False
2582,False
2585,False
2589,False
2590,False
2591,False
2593,False
2596,False
2598,False
2599,False
2600,False
2601,False
2602,False
2603,False
2604,False
2605,False
2606,False
2608,False
2610,False
2611,False
2615,False
2616,False
2617,False
2619,False
2620,False
2621,False
2623,False
2624,False
2625,False
2628,False
2633,False
2634,False
2635,False
2636,False
2638,False
2646,False
2647,False
2648,False
2650,False
2653,False
2654,False
2658,False
2660,False
2661,False
2664,False
2665,False
2666,False
2667,False
2668,False
2669,False
2670,False
2673,False
2674,False
2683,False
2684,False
2685,False
2686,False
2687,False
2688,False
2689,False
2690,False
2699,False
2702,False
2703,False
2704,False
2705,False
2706,False
2707,False
2712,False
2713,False
2716,False
2720,False
2722,False
2723,False
2725,False
2726,False
2729,False
2730,False
2731,False
2733,False
2735,False
2736,False
2740,False
2741,False
2744,False
2746,False
2748,False
2753,False
2754,False
2756,False
2757,False
2758,False
2759,False
2760,False
2763,False
2764,False
2765,False
2769,False
2770,False
2775,False
2776,False
2779,False
2782,False
2784,False
2788,False
2789,False
2793,False
2795,False
2796,False
2797,False
2799,False
2800,False
2801,False
2808,False
2815,False
2816,False
2819,False
2821,False
2823,False
2826,False
2828,False
2833,False
2834,False
2836,False
2837,False
2838,False
2839,False
2844,False
2845,False
2847,False
2848,False
2853,False
2855,False
2856,False
2859,False
2863,False
2868,False
2870,False
2871,False
2875,False
2878,False
2879,False
2880,False
2885,False
2886,False
2887,False
2888,False
2889,False
2891,False
2892,False
2897,False
2898,False
2899,False
2903,False
2906,False
2907,False
2909,False
2911,False
2914,False
2915,False
2918,False
2920,False
2921,False
2923,False
2927,False
2928,False
2929,False
2930,False
2933,False
2934,False
2935,False
2951,False
2954,False
2960,False
2968,False
2969,False
2970,False
2971,False
2972,False
2973,False
2976,False
2977,False
2978,False
2979,False
2982,False
2983,False
2985,False
2986,False
2987,False
2990,False
2991,False
2999,False
3002,False
3003,False
3005,False
3007,False
3012,False
3016,False
3017,False
3018,False
3019,False
3023,False
3025,False
3026,False
3028,False
3029,False
3033,False
3034,False
3037,False
3039,False
3043,False
3046,False
3047,False
3050,False
3055,False
3057,False
3062,False
3063,False
3064,False
3068,False
3070,False
3071,False
3072,False
3075,False
3079,False
3081,False
3082,False
3083,False
3109,False
3111,False
3113,False
3116,False
3117,False
3119,False
3120,False
3123,False
3124,False
3126,False
3127,False
3129,False
3130,False
3137,False
3139,False
3140,False
3141,False
3142,False
3143,False
3144,False
3147,False
3148,False
3150,False
3151,False
3154,False
3155,False
3156,False
3157,False
3158,False
3159,False
3161,False
3163,False
3164,False
3168,False
3169,False
3170,False
3171,False
3172,False
3173,False
3181,False
3182,False
3185,False
3219,False
3222,False
3224,False
3225,False
3231,False
3232,False
3233,False
3238,False
3240,False
3241,False
3244,False
3246,False
3247,False
3248,False
3252,False
3254,False
3258,False
3260,False
3261,False
3262,False
3263,False
3331,False
3335,False
3336,False
3341,False
3343,False
3344,False
3345,False
3348,False
3349,False
3350,False
3353,False
3363,False
3366,False
3368,False
3369,False
3372,False
3373,False
3375,False
3379,False
3381,False
3382,False
3386,False
3388,False
3389,False
3394,False
3395,False
3397,False
3401,False
3402,False
3404,False
3405,False
3411,False
3412,False
3413,False
3415,False
3426,False
3429,False
3430,False
3432,False
3433,False
3434,False
3435,False
3438,False
3439,False
3440,False
3444,False
3445,False
3450,False
3451,False
3453,False
3454,False
3458,False
3461,False
3462,False
3465,False
3467,False
3468,False
3471,False
3475,False
3476,False
3478,False
3482,False
3484,False
3485,False
3486,False
3490,False
3491,False
3492,False
3495,False
3496,False
3497,False
3516,False
3518,False
3519,False
3521,False
3523,False
3524,False
3525,False
3529,False
3530,False
3532,False
3533,False
3534,False
3536,False
3538,False
3539,False
3544,False
3545,False
3547,False
3550,False
3552,False
3569,False
3573,False
3575,False
3577,False
3581,False
3585,False
3587,False
3592,False
3593,False
3595,False
3602,False
3603,False
3605,False
3606,False
3608,False
3609,False
3610,False
3611,False
3612,False
3617,False
3618,False
3621,False
3622,False
3623,False
3626,False
3627,False
3628,False
3632,False
3635,False
3642,False
3644,False
3645,False
3647,False
3648,False
3650,False
3653,False
3660,False
3662,False
3666,False
3667,False
3670,False
3672,False
3676,False
3677,False
3679,False
3680,False
3681,False
3682,False
3683,False
3685,False
3687,False
3693,False
3694,False
3695,False
3698,False
3700,False
3701,False
3704,False
3707,False
3708,False
3709,False
3714,False
3716,False
3718,False
3719,False
3720,False
3721,False
3724,False
3725,False
3727,False
3728,False
3733,False
3735,False
3739,False
3745,False
3748,False
3751,False
3756,False
3757,False
3758,False
3759,False
3760,False
3770,False
3773,False
3780,False
3781,False
3786,False
3790,False
3794,False
3796,False
3800,False
3801,False
3802,False
3805,False
3807,False
3810,False
3813,False
3819,False
3820,False
3827,False
3831,False
3836,False
3838,False
3843,False
3844,False
3845,False
3847,False
3852,False
3853,False
3855,False
3858,False
3859,False
3863,False
3865,False
3868,False
3870,False
3871,False
3872,False
3875,False
3876,False
3878,False
3879,False
3880,False
3881,False
3886,False
3888,False
3891,False
3892,False
3894,False
3897,False
3898,False
3903,False
3904,False
3905,False
3908,False
3909,False
3912,False
3918,False
3919,False
3920,False
3923,False
3924,False
3927,False
3930,False
3935,False
3936,False
3944,False
3946,False
3947,False
3949,False
3950,False
3955,False
3957,False
3960,False
3962,False
3963,False
3967,False
3968,False
3969,False
3971,False
3973,False
3975,False
3976,False
3977,False
3979,False
3981,False
3982,False
3984,False
3985,False
3986,False
3989,False
3991,False
3993,False
3998,False
4008,False
4013,False
4015,False
4016,False
4018,False
4019,False
4021,False
4022,False
4024,False
4025,False
4028,False
4029,False
4031,False
4032,False
4034,False
4039,False
4041,False
4045,False
4047,False
4054,False
4055,False
4057,False
4058,False
4059,False
4060,False
4061,False
4065,False
4066,False
4067,False
4071,False
4076,False
4079,False
4080,False
4082,False
4083,False
4089,False
4092,False
4094,False
4095,False
4099,False
4100,False
4105,False
4107,False
4111,False
4114,False
4123,False
4124,False
4129,False
4130,False
4134,False
4136,False
4139,False
4140,False
4142,False
4143,False
4144,False
4145,False
4154,False
4159,False
4162,False
4164,False
4166,False
4167,False
4171,False
4174,False
4175,False
4176,False
4177,False
4181,False
4185,False
4197,False
4198,False
4201,False
4202,False
4203,False
4206,False
4217,False
4219,False
4224,False
4225,False
4226,False
4231,False
4232,False
4234,False
4235,False
4236,False
4241,False
4242,False
4245,False
4248,False
4251,False
4264,False
4268,False
4269,False
4272,False
4273,False
4275,False
4276,False
4279,False
4283,False
4288,False
4294,False
4295,False
4299,False
4301,False
4304,False
4306,False
4308,False
4309,False
4311,False
4313,False
4314,False
4316,False
4318,False
4322,False
4323,False
4325,False
4333,False
4334,False
4336,False
4337,False
4341,False
4342,False
4344,False
4345,False
4347,False
4351,False
4354,False
4355,False
4356,False
4360,False
4364,False
4365,False
4366,False
4372,False
4373,False
4375,False
4390,False
4391,False
4392,False
4393,False
4395,False
4397,False
4413,False
4415,False
4440,False
4489,False
4497,False
4500,False
4502,False
4505,False
4507,False
4508,False
4510,False
4512,False
4516,False
4517,False
4518,False
4521,False
4522,False
4528,False
4530,False
4531,False
4532,False
4533,False
4537,False
4546,False
4549,False
4550,False
4553,False
4554,False
4556,False
4557,False
4579,False
4581,False
4584,False
4586,False
4598,False
4599,False
4602,False
4603,False
4605,False
4607,False
4609,False
4615,False
4616,False
4622,False
4623,False
4625,False
4639,False
4648,False
4650,False
4652,False
4656,False
4659,False
4660,False
4667,False
4668,False
4686,False
4688,False
4689,False
4692,False
4694,False
4695,False
4696,False
4700,False
4703,False
4705,False
4706,False
4707,False
4708,False
4709,False
4711,False
4713,False
4715,False
4716,False
4718,False
4720,False
4721,False
4722,False
4724,False
4727,False
4728,False
4729,False
4731,False
4732,False
4735,False
4737,False
4739,False
4740,False
4741,False
4743,False
4746,False
4750,False
4752,False
4754,False
4755,False
4756,False
4757,False
4758,False
4759,False
4760,False
4768,False
4769,False
4771,False
4772,False
4773,False
4776,False
4779,False
4781,False
4784,False
4785,False
4786,False
4788,False
4789,False
4793,False
4794,False
4797,False
4799,False
4801,False
4813,False
4814,False
4822,False
4825,False
4829,False
4830,False
4831,False
4834,False
4836,False
4837,False
4838,False
4842,False
4845,False
4846,False
4847,False
4848,False
4849,False
4850,False
4856,False
4858,False
4861,False
4862,False
4864,False
4865,False
4867,False
4869,False
4870,False
4871,False
4872,False
4875,False
4878,False
4879,False
4882,False
4883,False
4884,False
4887,False
4902,False
4905,False
4907,False
4909,False
4915,False
4916,False
4920,False
4921,False
4922,False
4924,False
4925,False
4941,False
4943,False
4944,False
4945,False
4946,False
4947,False
4951,False
4954,False
4955,False
4958,False
4959,False
4961,False
4967,False
4970,False
4972,False
4973,False
4975,False
4976,False
4977,False
4978,False
4981,False
4985,False
4988,False
4989,False
4990,False
4993,False
4994,False
4995,False
5001,False
5002,False
5006,False
5007,False
5008,False
5016,False
5019,False
5025,False
5035,False
5036,False
5038,False
5041,False
5042,False
5045,False
5051,False
5054,False
5056,False
5057,False
5059,False
5061,False
5064,False
5067,False
5068,False
5069,False
5071,False
5073,False
5074,False
5075,False
5080,False
5081,False
5083,False
5084,False
5088,False
5089,False
5091,False
5092,False
5094,False
5095,False
5097,False
5099,False
5105,False
5106,False
5108,False
5110,False
5113,False
5116,False
5117,False
5118,False
5119,False
5121,False
5122,False
5125,False
5126,False
5128,False
5130,False
5131,False
5132,False
5150,False
5151,False
5156,False
5157,False
5159,False
5160,False
5161,False
5163,False
5165,False
5166,False
5170,False
5171,False
5174,False
5179,False
5183,False
5185,False
5187,False
5190,False
5192,False
5193,False
5198,False
5200,False
5202,False
5207,False
5208,False
5211,False
5218,False
5220,False
5221,False
5223,False
5228,False
5229,False
5233,False
5235,False
5238,False
5239,False
5242,False
5247,False
5248,False
5249,False
5251,False
5252,False
5254,False
5258,False
5259,False
5262,False
5263,False
5268,False
5270,False
5271,False
5275,False
5277,False
5278,False
5281,False
5284,False
5286,False
5287,False
5289,False
5290,False
5292,False
5294,False
5296,False
5301,False
5306,False
5308,False
5311,False
5312,False
5313,False
5315,False
5316,False
5320,False
5321,False
5325,False
5326,False
5328,False
5329,False
5330,False
5333,False
5334,False
5336,False
5339,False
5343,False
5344,False
5346,False
5349,False
5350,False
5352,False
5358,False
5359,False
5361,False
5363,False
5364,False
5366,False
5373,False
5374,False
5377,False
5379,False
5381,False
5384,False
5386,False
5389,False
5390,False
5396,False
5399,False
5401,False
5402,False
5403,False
5405,False
5410,False
5412,False
5414,False
5415,False
5416,False
5417,False
5418,False
5419,False
5421,False
5424,False
5426,False
5432,False
5435,False
5436,False
5438,False
5440,False
5443,False
5446,False
5450,False
5451,False
5452,False
5453,False
5457,False
5458,False
5461,False
5462,False
5465,False
5467,False
5468,False
5470,False
5471,False
5472,False
5473,False
5475,False
5478,False
5480,False
5481,False
5482,False
5485,False
5488,False
5489,False
5495,False
5496,False
5498,False
5500,False
5502,False
5505,False
5506,False
5507,False
5511,False
5512,False
5515,False
5519,False
5521,False
5522,False
5525,False
5528,False
5529,False
5530,False
5531,False
5532,False
5535,False
5603,False
5604,False
5606,False
5610,False
5611,False
5612,False
5615,False
5631,False
5632,False
5635,False
5636,False
5638,False
5644,False
5645,False
5652,False
5655,False
5656,False
5659,False
5660,False
5663,False
5671,False
5672,False
5676,False
5677,False
5678,False
5679,False
5680,False
5683,False
5692,False
5693,False
5698,False
5699,False
5706,False
5707,False
5710,False
5712,False
5713,False
5717,False
5719,False
5720,False
5721,False
5723,False
5724,False
5726,False
5727,False
5731,False
5732,False
5733,False
5736,False
5737,False
5740,False
5741,False
5754,False
5756,False
5759,False
5760,False
5762,False
5763,False
5764,False
5765,False
5766,False
5768,False
5769,False
5771,False
5774,False
5778,False
5779,False
5782,False
5783,False
5784,False
5785,False
5786,False
5789,False
5790,False
5791,False
5792,False
5793,False
5794,False
5795,False
5801,False
5802,False
5803,False
5805,False
5807,False
5814,False
5815,False
5819,False
5822,False
5823,False
5826,False
5829,False
5830,False
5831,False
5833,False
5836,False
5837,False
5838,False
5839,False
5841,False
5842,False
5843,False
5845,False
5847,False
5850,False
5852,False
5853,False
5857,False
5862,False
5864,False
5867,False
5871,False
5872,False
5873,False
5875,False
5876,False
5877,False
5879,False
5882,False
5883,False
5889,False
5890,False
5893,False
5894,False
5895,False
5903,False
5917,False
5922,False
5925,False
5926,False
5927,False
5928,False
5929,False
5930,False
5932,False
5933,False
5934,False
5935,False
5937,False
5938,False
5941,False
5942,False
5946,False
5947,False
5948,False
5952,False
5953,False
5955,False
5959,False
5965,False
5968,False
5969,False
5978,False
5979,False
5981,False
5982,False
5983,False
5987,False
5989,False
5990,False
5992,False
5996,False
5998,False
6002,False
6006,False
6008,False
6009,False
6010,False
6013,False
6016,False
6019,False
6020,False
6024,False
6027,False
6029,False
6032,False
6033,False
6034,False
6036,False
6051,False
6056,False
6058,False
6059,False
6060,False
6064,False
6066,False
6067,False
6068,False
6071,False
6091,False
6093,False
6094,False
6097,False
6098,False
6101,False
6102,False
6103,False
6105,False
6106,False
6108,False
6109,False
6113,False
6115,False
6116,False
6120,False
6121,False
6126,False
6129,False
6130,False
6134,False
6135,False
6137,False
6138,False
6139,False
6140,False
6143,False
6150,False
6151,False
6154,False
6157,False
6158,False
6160,False
6161,False
6162,False
6164,False
6165,False
6166,False
6170,False
6173,False
6177,False
6178,False
6183,False
6187,False
6192,False
6194,False
6195,False
6210,False
6212,False
6213,False
6214,False
6217,False
6219,False
6221,False
6222,False
6225,False
6228,False
6230,False
6236,False
6237,False
6240,False
6243,False
6244,False
6245,False
6248,False
6252,False
6253,False
6254,False
6256,False
6257,False
6258,False
6259,False
6261,False
6262,False
6265,False
6270,False
6273,False
6274,False
6277,False
6280,False
6281,False
6283,False
6284,False
6285,False
6286,False
6287,False
6288,False
6292,False
6294,False
6295,False
6296,False
6300,False
6301,False
6303,False
6305,False
6307,False
6308,False
6311,False
6312,False
6313,False
6315,False
6317,False
6319,False
6320,False
6322,False
6323,False
6324,False
6349,False
6350,False
6351,False
6352,False
6355,False
6356,False
6359,False
6360,False
6361,False
6365,False
6366,False
6368,False
6369,False
6370,False
6375,False
6377,False
6379,False
6380,False
6382,False
6383,False
6385,False
6386,False
6390,False
6391,False
6393,False
6407,False
6408,False
6412,False
6414,False
6417,False
6420,False
6423,False
6427,False
6429,False
6432,False
6434,False
6435,False
6438,False
6441,False
6443,False
6445,False
6458,False
6460,False
6462,False
6463,False
6464,False
6470,False
6473,False
6475,False
6476,False
6480,False
6481,False
6482,False
6484,False
6496,False
6499,False
6500,False
6501,False
6502,False
6505,False
6506,False
6508,False
6510,False
6515,False
6521,False
6523,False
6527,False
6529,False
6532,False
6535,False
6536,False
6537,False
6539,False
6540,False
6541,False
6544,False
6549,False
6551,False
6552,False
6553,False
6578,False
6579,False
6582,False
6584,False
6585,False
6586,False
6587,False
6590,False
6594,False
6595,False
6596,False
6597,False
6598,False
6631,False
6635,False
6636,False
6637,False
6638,False
6640,False
6675,False
6677,False
6678,False
6701,False
6716,False
6720,False
6723,False
6724,False
6725,False
6727,False
6729,False
6730,False
6733,False
6735,False
6738,False
6739,False
6740,False
6742,False
6745,False
6747,False
6748,False
6752,False
6767,False
6768,False
6769,False
6773,False
6775,False
6776,False
6781,False
6785,False
6786,False
6790,False
6794,False
6796,False
6797,False
6800,False
6801,False
6803,False
6804,False
6805,False
6806,False
6807,False
6808,False
6809,False
6811,False
6812,False
6815,False
6817,False
6819,False
6822,False
6823,False
6825,False
6826,False
6828,False
6830,False
6831,False
6833,False
6835,False
6837,False
6838,False
6842,False
6843,False
6847,False
6848,False
6850,False
6851,False
6853,False
6854,False
6855,False
6856,False
6858,False
6860,False
6861,False
6862,False
6868,False
6876,False
6877,False
6880,False
6887,False
6892,False
6893,False
6902,False
6903,False
6907,False
6912,False
6913,False
6915,False
6917,False
6919,False
6920,False
6922,False
6923,False
6924,False
6925,False
6928,False
6929,False
6930,False
6932,False
6934,False
6938,False
6940,False
6941,False
6942,False
6944,False
6945,False
6947,False
6950,False
6951,False
6954,False
6958,False
6960,False
6961,False
6962,False
6963,False
6964,False
6967,False
6968,False
6992,False
6993,False
6997,False
6998,False
7035,False
7036,False
7037,False
7040,False
7045,False
7046,False
7047,False
7048,False
7049,False
7050,False
7051,False
7057,False
7058,False
7059,False
7061,False
7062,False
7064,False
7066,False
7069,False
7071,False
7073,False
7077,False
7091,False
7092,False
7095,False
7096,False
7100,False
7102,False
7106,False
7112,False
7116,False
7118,False
7119,False
7121,False
7122,False
7123,False
7129,False
7146,False
7151,False
7153,False
7154,False
7155,False
7156,False
7157,False
7158,False
7160,False
7169,False
7170,False
7172,False
7174,False
7179,False
7181,False
7185,False
7189,False
7190,False
7194,False
7197,False
7198,False
7200,False
7202,False
7204,False
7208,False
7209,False
7210,False
7211,False
7212,False
7216,False
7218,False
7221,False
7222,False
7226,False
7227,False
7231,False
7232,False
7234,False
7240,False
7241,False
7242,False
7244,False
7245,False
7246,False
7248,False
7253,False
7261,False
7266,False
7267,False
7268,False
7269,False
7278,False
7310,False
7311,False
7314,False
7317,False
7318,False
7319,False
7320,False
7323,False
7325,False
7327,False
7329,False
7331,False
7332,False
7335,False
7336,False
7362,False
7364,False
7366,False
7367,False
7368,False
7375,False
7377,False
7381,False
7383,False
7385,False
7386,False
7387,False
7388,False
7391,False
7394,False
7395,False
7400,False
7402,False
7406,False
7408,False
7409,False
7412,False
7416,False
7417,False
7418,False
7419,False
7420,False
7424,False
7429,False
7432,False
7436,False
7438,False
7439,False
7441,False
7444,False
7445,False
7447,False
7448,False
7453,False
7454,False
7455,False
7457,False
7464,False
7465,False
7466,False
7467,False
7473,False
7478,False
7480,False
7486,False
7489,False
7491,False
7496,False
7501,False
7507,False
7508,False
7509,False
7514,False
7515,False
7520,False
7521,False
7522,False
7524,False
7525,False
7528,False
7530,False
7531,False
7534,False
7536,False
7537,False
7546,False
7549,False
7550,False
7551,False
7552,False
7564,False
7566,False
7568,False
7574,False
7575,False
7578,False
7579,False
7580,False
7581,False
7582,False
7583,False
7585,False
7587,False
7588,False
7589,False
7598,False
7605,False
7610,False
7613,False
7623,False
7625,False
7628,False
7631,False
7632,False
7634,False
7636,False
7644,False
7645,False
7647,False
7648,False
7651,False
7653,False
7654,False
7655,False
7656,False
7658,False
7659,False
7662,False
7663,False
7666,False
7667,False
7668,False
7672,False
7674,False
7675,False
7679,False
7683,False
7688,False
7689,False
7690,False
7691,False
7692,False
7693,False
7696,False
7698,False
7699,False
7700,False
7701,False
7702,False
7705,False
7706,False
7707,False
7710,False
7712,False
7713,False
7718,False
7720,False
7721,False
7723,False
7724,False
7726,False
7727,False
7729,False
7732,False
7734,False
7735,False
7736,False
7742,False
7743,False
7744,False
7745,False
7749,False
7752,False
7754,False
7756,False
7757,False
7759,False
7760,False
7763,False
7765,False
7766,False
7767,False
7770,False
7773,False
7775,False
7776,False
7779,False
7780,False
7784,False
7787,False
7788,False
7790,False
7791,False
7793,False
7795,False
7796,False
7799,False
7800,False
7804,False
7806,False
7807,False
7809,False
7810,False
7818,False
7821,False
7822,False
7824,False
7836,False
7838,False
7840,False
7845,False
7846,False
7847,False
7849,False
7850,False
7852,False
7855,False
7856,False
7859,False
7860,False
7861,False
7862,False
7863,False
7864,False
7865,False
7867,False
7868,False
7874,False
7875,False
7877,False
7881,False
7883,False
7884,False
7885,False
7886,False
7887,False
7888,False
7889,False
7892,False
7893,False
7894,False
7923,False
7924,False
7926,False
7927,False
7929,False
7931,False
7932,False
7934,False
7937,False
7938,False
7939,False
7944,False
7945,False
7946,False
7947,False
7949,False
7951,False
7952,False
7953,False
7955,False
7956,False
7959,False
7960,False
7961,False
7964,False
7971,False
7973,False
7974,False
7976,False
7980,False
7981,False
7982,False
7987,False
7992,False
7999,False
8000,False
8004,False
8007,False
8008,False
8020,False
8021,False
8024,False
8025,False
8027,False
8028,False
8030,False
8031,False
8033,False
8034,False
8036,False
8039,False
8045,False
8047,False
8048,False
8051,False
8054,False
8057,False
8058,False
8059,False
8060,False
8074,False
8077,False
8107,False
8110,False
8111,False
8112,False
8114,False
8116,False
8121,False
8125,False
8127,False
8128,False
8131,False
8134,False
8137,False
8138,False
8141,False
8143,False
8145,False
8151,False
8161,False
8162,False
8166,False
8169,False
8175,False
8177,False
8179,False
8181,False
8182,False
8188,False
8193,False
8196,False
8197,False
8200,False
8201,False
8202,False
8205,False
8206,False
8207,False
8215,False
8216,False
8218,False
8222,False
8226,False
8230,False
8231,False
8235,False
8238,False
8243,False
8244,False
8246,False
8248,False
8253,False
8255,False
8256,False
8259,False
8267,False
8268,False
8269,False
8272,False
8275,False
8276,False
8277,False
8280,False
8283,False
8295,False
8300,False
8301,False
8303,False
8304,False
8305,False
8306,False
8307,False
8309,False
8310,False
8320,False
8321,False
8322,False
8324,False
8327,False
8329,False
8330,False
8333,False
8335,False
8336,False
8338,False
8343,False
8345,False
8346,False
8348,False
8361,False
8362,False
8364,False
8366,False
8367,False
8369,False
8370,False
8372,False
8375,False
8379,False
8380,False
8382,False
8385,False
8391,False
8393,False
8396,False
8398,False
8400,False
8402,False
8403,False
8404,False
8405,False
8406,False
8409,False
8410,False
8412,False
8417,False
8420,False
8421,False
8424,False
8426,False
8427,False
8428,False
8430,False
8432,False
8434,False
8435,False
8442,False
8443,False
8445,False
8446,False
8451,False
8452,False
8453,False
8454,False
8455,False
8457,False
8458,False
8459,False
8461,False
8464,False
8465,False
8466,False
8473,False
8483,False
8489,False
8490,False
8496,False
8499,False
8500,False
8501,False
8502,False
8503,False
8505,False
8506,False
8508,False
8509,False
8510,False
8513,False
8514,False
8515,False
8516,False
8518,False
8521,False
8522,False
8527,False
8528,False
8531,False
8533,False
8535,False
8537,False
8538,False
8539,False
8541,False
8542,False
8543,False
8544,False
8545,False
8550,False
8552,False
8554,False
8561,False
8566,False
8574,False
8577,False
8579,False
8580,False
8581,False
8583,False
8584,False
8585,False
8588,False
8589,False
8590,False
8592,False
8597,False
8598,False
8599,False
8601,False
8602,False
8604,False
8605,False
8608,False
8624,False
8626,False
8629,False
8630,False
8632,False
8634,False
8639,False
8640,False
8641,False
8644,False
8645,False
8646,False
8652,False
8654,False
8655,False
8657,False
8658,False
8659,False
8663,False
8666,False
8667,False
8670,False
8671,False
8673,False
8674,False
8675,False
8676,False
8677,False
8680,False
8682,False
8685,False
8686,False
8688,False
8689,False
8697,False
8699,False
8700,False
8707,False
8709,False
8713,False
8720,False
8722,False
8723,False
8727,False
8728,False
8729,False
8730,False
8731,False
8732,False
8733,False
8736,False
8737,False
8738,False
8742,False
8748,False
8750,False
8751,False
8754,False
8756,False
8757,False
8761,False
8763,False
8766,False
8767,False
8769,False
8770,False
8777,False
8778,False
8782,False
8786,False
8788,False
8791,False
8793,False
8798,False
8802,False
8803,False
8807,False
8808,False
8810,False
8812,False
8817,False
8818,False
8820,False
8822,False
8824,False
8825,False
8827,False
8828,False
8830,False
8831,False
8832,False
8840,False
8841,False
8845,False
8846,False
8847,False
8848,False
8849,False
8850,False
8854,False
8855,False
8856,False
8857,False
8860,False
8862,False
8863,False
8864,False
8865,False
8867,False
8868,False
8869,False
8872,False
8874,False
8875,False
8876,False
8877,False
8880,False
8881,False
8884,False
8885,False
8886,False
8887,False
8888,False
8889,False
8890,False
8907,False
8908,False
8910,False
8912,False
8913,False
8914,False
8915,False
8921,False
8924,False
8926,False
8927,False
8928,False
8929,False
8931,False
8932,False
8933,False
8934,False
8935,False
8936,False
8937,False
8938,False
8939,False
8940,False
8942,False
8947,False
8949,False
8950,False
8951,False
8953,False
8956,False
8961,False
8965,False
8966,False
8973,False
8974,False
8975,False
8976,False
8977,False
8983,False
8984,False
8985,False
8986,False
8990,False
8993,False
9002,False
9003,False
9006,False
9007,False
9010,False
9013,False
9016,False
9024,False
9025,False
9026,False
9027,False
9029,False
9030,False
9034,False
9035,False
9037,False
9038,False
9039,False
9043,False
9044,False
9045,False
9046,False
9047,False
9053,False
9055,False
9058,False
9059,False
9060,False
9071,False
9073,False
9074,False
9081,False
9082,False
9085,False
9086,False
9095,False
9096,False
9098,False
9099,False
9101,False
9102,False
9122,False
9124,False
9125,False
9126,False
9127,False
9128,False
9138,False
9141,False
9144,False
9145,False
9146,False
9147,False
9149,False
9150,False
9151,False
9153,False
9157,False
9160,False
9163,False
9165,False
9166,False
9173,False
9174,False
9178,False
9179,False
9180,False
9183,False
9187,False
9188,False
9189,False
9190,False
9191,False
9193,False
9194,False
9196,False
9198,False
9201,False
9202,False
9205,False
9208,False
9212,False
9214,False
9216,False
9217,False
9220,False
9222,False
9228,False
9229,False
9230,False
9232,False
9237,False
9242,False
9247,False
9249,False
9250,False
9253,False
9255,False
9257,False
9258,False
9262,False
9263,False
9270,False
9273,False
9274,False
9275,False
9277,False
9278,False
9279,False
9281,False
9282,False
9283,False
9287,False
9290,False
9292,False
9295,False
9306,False
9307,False
9308,False
9311,False
9312,False
9319,False
9320,False
9321,False
9327,False
9328,False
9330,False
9334,False
9336,False
9337,False
9338,False
9339,False
9341,False
9344,False
9345,False
9349,False
9352,False
9355,False
9356,False
9362,False
9366,False
9368,False
9370,False
9373,False
9374,False
9375,False
9377,False
9378,False
9379,False
9380,False
9381,False
9386,False
9387,False
9388,False
9389,False
9392,False
9393,False
9395,False
9397,False
9400,False
9403,False
9404,False
9408,False
9409,False
9413,False
9414,False
9415,False
9417,False
9419,False
9420,False
9422,False
9423,False
9424,False
9425,False
9430,False
9432,False
9434,False
9441,False
9443,False
9447,False
9448,False
9449,False
9450,False
9451,False
9452,False
9457,False
9464,False
9467,False
9468,False
9470,False
9472,False
9473,False
9475,False
9478,False
9482,False
9486,False
9488,False
9489,False
9490,False
9494,False
9496,False
9501,False
9503,False
9504,False
9509,False
9510,False
9512,False
9513,False
9519,False
9525,False
9526,False
9527,False
9528,False
9531,False
9534,False
9535,False
9537,False
9539,False
9540,False
9543,False
9544,False
9548,False
9549,False
9552,False
9554,False
9555,False
9557,False
9560,False
9579,False
9583,False
9584,False
9585,False
9586,False
9587,False
9588,False
9589,False
9593,False
9596,False
9598,False
9604,False
9605,False
9612,False
9614,False
9619,False
9628,False
9630,False
9631,False
9646,False
9647,False
9652,False
9653,False
9657,False
9659,False
9663,False
9665,False
9666,False
9671,False
9675,False
9676,False
9677,False
9678,False
9679,False
9682,False
9685,False
9686,False
9689,False
9690,False
9693,False
9694,False
9700,False
9704,False
9710,False
9711,False
9712,False
9714,False
9715,False
9716,False
9719,False
9721,False
9722,False
9726,False
9728,False
9729,False
9733,False
9734,False
9736,False
9739,False
9740,False
9743,False
9775,False
9779,False
9781,False
9782,False
9784,False
9786,False
9793,False
9796,False
9798,False
9800,False
9801,False
9802,False
9803,False
9807,False
9809,False
9810,False
9812,False
9813,False
9816,False
9818,False
9820,False
9835,False
9836,False
9838,False
9879,False
9883,False
9884,False
9885,False
9889,False
9892,False
9895,False
9898,False
9899,False
9904,False
9905,False
9907,False
9909,False
9910,False
9911,False
9916,False
9917,False
9918,False
9919,False
9920,False
9922,False
9923,False
9924,False
9925,False
9927,False
9937,False
9939,False
9941,False
9944,False
9945,False
9968,False
9982,False
9984,False
9986,False
9987,False
9988,False
9989,False
9990,False
9991,False
9992,False
9995,False
9997,False
10009,False
10011,False
10019,False
10022,False
10024,False
10025,False
10027,False
10028,False
10029,False
10034,False
10036,False
10038,False
10042,False
10045,False
10048,False
10050,False
10055,False
10057,False
10058,False
10059,False
10062,False
10064,False
10066,False
10068,False
10069,False
10071,False
10076,False
10080,False
10082,False
10083,False
10086,False
10091,False
10092,False
10099,False
10102,False
10103,False
10108,False
10112,False
10113,False
10115,False
10117,False
10121,False
10125,False
10128,False
10129,False
10132,False
10133,False
10136,False
10138,False
10140,False
10141,False
10142,False
10143,False
10147,False
10150,False
10151,False
10153,False
10157,False
10162,False
10166,False
10167,False
10171,False
10172,False
10177,False
10183,False
10184,False
10185,False
10204,False
10205,False
10206,False
10211,False
10216,False
10244,False
10250,False
10255,False
10257,False
10259,False
10260,False
10262,False
10265,False
10269,False
10271,False
10273,False
10274,False
10277,False
10278,False
10281,False
10283,False
10291,False
10292,False
10293,False
10308,False
10309,False
10313,False
10315,False
10316,False
10318,False
10320,False
10323,False
10325,False
10326,False
10328,False
10329,False
10330,False
10331,False
10335,False
10337,False
10338,False
10339,False
10341,False
10349,False
10351,False
10378,False
10381,False
10384,False
10387,False
10388,False
10389,False
10391,False
10392,False
10396,False
10398,False
10404,False
10406,False
10407,False
10411,False
10418,False
10419,False
10420,False
10421,False
10422,False
10425,False
10426,False
10428,False
10429,False
10430,False
10435,False
10436,False
10439,False
10440,False
10446,False
10447,False
10448,False
10461,False
10465,False
10466,False
10473,False
10474,False
10482,False
10483,False
10487,False
10489,False
10491,False
10496,False
10497,False
10499,False
10500,False
10501,False
10506,False
10509,False
10510,False
10514,False
10515,False
10516,False
10517,False
10518,False
10519,False
10522,False
10525,False
10528,False
10534,False
10535,False
10536,False
10538,False
10545,False
10549,False
10551,False
10559,False
10562,False
10572,False
10574,False
10576,False
10577,False
10579,False
10581,False
10607,False
10608,False
10609,False
10610,False
10611,False
10613,False
10615,False
10617,False
10619,False
10620,False
10622,False
10624,False
10625,False
10639,False
10644,False
10645,False
10647,False
10648,False
10652,False
10654,False
10657,False
10658,False
10659,False
10663,False
10664,False
10665,False
10666,False
10669,False
10670,False
10671,False
10672,False
10674,False
10675,False
10683,False
10686,False
10690,False
10691,False
10694,False
10696,False
10698,False
10699,False
10701,False
10703,False
10706,False
10709,False
10711,False
10712,False
10713,False
10716,False
10719,False
10720,False
10721,False
10725,False
10727,False
10728,False
10731,False
10735,False
10736,False
10739,False
10740,False
10742,False
10743,False
10744,False
10751,False
10752,False
10757,False
10759,False
10761,False
10764,False
10765,False
10767,False
10768,False
10769,False
10771,False
10772,False
10774,False
10775,False
10776,False
10779,False
10782,False
10786,False
10787,False
10788,False
10789,False
10791,False
10792,False
10796,False
10798,False
10799,False
10800,False
10801,False
10805,False
10808,False
10810,False
10811,False
10815,False
10819,False
10820,False
10822,False
10827,False
10830,False
10832,False
10833,False
10844,False
10845,False
10846,False
10848,False
10850,False
10851,False
10852,False
10854,False
10855,False
10861,False
10863,False
10864,False
10869,False
10871,False
10874,False
10878,False
10880,False
10885,False
10886,False
10887,False
10893,False
10895,False
10897,False
10898,False
10900,False
10901,False
10903,False
10904,False
10905,False
10906,False
10908,False
10909,False
10910,False
10914,False
10915,False
10916,False
10919,False
10920,False
10923,False
10931,False
10975,False
10976,False
10978,False
10980,False
10982,False
10984,False
10988,False
10989,False
10991,False
10992,False
10994,False
10995,False
10996,False
10997,False
10999,False
11004,False
11005,False
11007,False
11011,False
11013,False
11016,False
11019,False
11020,False
11021,False
11022,False
11024,False
11026,False
11027,False
11029,False
11032,False
11033,False
11035,False
11037,False
11040,False
11041,False
11042,False
11044,False
11045,False
11046,False
11047,False
11048,False
11049,False
11050,False
11052,False
11058,False
11065,False
11067,False
11073,False
11075,False
11077,False
11079,False
11083,False
11085,False
11088,False
11089,False
11091,False
11095,False
11096,False
11099,False
11100,False
11106,False
11108,False
11112,False
11117,False
11120,False
11122,False
11124,False
11128,False
11130,False
11131,False
11132,False
11133,False
11134,False
11135,False
11137,False
11140,False
11142,False
11144,False
11147,False
11149,False
11150,False
11151,False
11156,False
11157,False
11158,False
11168,False
11169,False
11170,False
11171,False
11172,False
11173,False
11174,False
11175,False
11181,False
11182,False
11186,False
11188,False
11201,False
11202,False
11203,False
11206,False
11208,False
11210,False
11211,False
11212,False
11217,False
11218,False
11219,False
11222,False
11226,False
11227,False
11232,False
11233,False
11235,False
11236,False
11237,False
11240,False
11241,False
11242,False
11244,False
11247,False
11248,False
11250,False
11253,False
11254,False
11255,False
11256,False
11258,False
11262,False
11264,False
11266,False
11267,False
11268,False
11269,False
11270,False
11271,False
11272,False
11273,False
11274,False
11276,False
11277,False
11280,False
11282,False
11289,False
11290,False
11292,False
11294,False
11296,False
11300,False
11301,False
11302,False
11306,False
11308,False
11312,False
11314,False
11315,False
11316,False
11320,False
11321,False
11322,False
11324,False
11327,False
11340,False
11342,False
11343,False
11345,False
11347,False
11348,False
11349,False
11352,False
11354,False
11360,False
11363,False
11366,False
11367,False
11370,False
11373,False
11375,False
11379,False
11382,False
11384,False
11387,False
11392,False
11393,False
11395,False
11402,False
11403,False
11405,False
11414,False
11415,False
11418,False
11419,False
11422,False
11425,False
11428,False
11432,False
11436,False
11438,False
11439,False
11440,False
11442,False
11449,False
11450,False
11452,False
11454,False
11482,False
11484,False
11486,False
11487,False
11493,False
11498,False
11499,False
11501,False
11502,False
11503,False
11504,False
11506,False
11507,False
11508,False
11509,False
11510,False
11513,False
11514,False
11518,False
11519,False
11520,False
11521,False
11523,False
11524,False
11528,False
11535,False
11539,False
11541,False
11542,False
11543,False
11545,False
11546,False
11549,False
11552,False
11553,False
11554,False
11556,False
11559,False
11563,False
11567,False
11579,False
11583,False
11586,False
11587,False
11590,False
11596,False
11599,False
11600,False
11603,False
11604,False
11605,False
11609,False
11611,False
11613,False
11614,False
11615,False
11616,False
11618,False
11620,False
11622,False
11627,False
11628,False
11630,False
11633,False
11635,False
11636,False
11637,False
11639,False
11640,False
11642,False
11645,False
11646,False
11647,False
11649,False
11651,False
11654,False
11670,False
11671,False
11672,False
11677,False
11678,False
11681,False
11683,False
11684,False
11685,False
11686,False
11687,False
11691,False
11692,False
11693,False
11694,False
11696,False
11698,False
11700,False
11713,False
11714,False
11719,False
11721,False
11722,False
11723,False
11725,False
11726,False
11728,False
11730,False
11736,False
11737,False
11739,False
11740,False
11746,False
11748,False
11754,False
11755,False
11756,False
11757,False
11764,False
11766,False
11768,False
11769,False
11771,False
11772,False
11775,False
11780,False
11781,False
11782,False
11785,False
11787,False
11790,False
11796,False
11799,False
11800,False
11801,False
11805,False
11807,False
11809,False
11810,False
11812,False
11814,False
11816,False
11820,False
11821,False
11822,False
11823,False
11824,False
11827,False
11828,False
11832,False
11837,False
11838,False
11839,False
11847,False
11849,False
11864,False
11870,False
11874,False
11877,False
11878,False
11879,False
11883,False
11886,False
11890,False
11893,False
11894,False
11897,False
11903,False
11904,False
11909,False
11910,False
11912,False
11918,False
11919,False
11922,False
11923,False
11924,False
11927,False
11930,False
11941,False
11942,False
11944,False
11953,False
11954,False
11955,False
11961,False
11965,False
11968,False
11970,False
11971,False
11972,False
11974,False
11978,False
11981,False
11982,False
11984,False
11986,False
11987,False
11997,False
11998,False
11999,False
12000,False
12002,False
12010,False
12011,False
12015,False
12018,False
12020,False
12022,False
12023,False
12025,False
12026,False
12028,False
12029,False
12031,False
12032,False
12035,False
12036,False
12037,False
12038,False
12040,False
12043,False
12044,False
12045,False
12047,False
12048,False
12054,False
12055,False
12059,False
12060,False
12063,False
12065,False
12066,False
12074,False
12075,False
12076,False
12078,False
12079,False
12083,False
12084,False
12086,False
12088,False
12089,False
12093,False
12101,False
12102,False
12106,False
12110,False
12113,False
12114,False
12123,False
12127,False
12134,False
12136,False
12138,False
12140,False
12141,False
12144,False
12145,False
12146,False
12152,False
12157,False
12158,False
12159,False
12163,False
12165,False
12168,False
12195,False
12197,False
12198,False
12201,False
12202,False
12203,False
12207,False
12208,False
12243,False
12244,False
12245,False
12246,False
12247,False
12248,False
12252,False
12253,False
12288,False
12291,False
12292,False
12298,False
12299,False
12300,False
12301,False
12302,False
12303,False
12308,False
12309,False
12314,False
12319,False
12322,False
12324,False
12325,False
12326,False
12327,False
12331,False
12332,False
12336,False
12337,False
12339,False
12340,False
12341,False
12344,False
12351,False
12352,False
12353,False
12354,False
12357,False
12359,False
12360,False
12361,False
12362,False
12367,False
12369,False
12372,False
12377,False
12381,False
12382,False
12383,False
12394,False
12396,False
12405,False
12408,False
12409,False
12413,False
12417,False
12419,False
12420,False
12422,False
12424,False
12425,False
12430,False
12431,False
12433,False
12434,False
12437,False
12440,False
12441,False
12443,False
12448,False
12450,False
12458,False
12461,False
12462,False
12463,False
12468,False
12469,False
12470,False
12473,False
12475,False
12476,False
12477,False
12478,False
12481,False
12483,False
12484,False
12489,False
12492,False
12493,False
12494,False
12495,False
12496,False
12498,False
12500,False
12502,False
12504,False
12513,False
12514,False
12517,False
12518,False
12519,False
12522,False
12523,False
12524,False
12527,False
12528,False
12529,False
12540,False
12541,False
12544,False
12545,False
12548,False
12550,False
12553,False
12557,False
12561,False
12573,False
12575,False
12583,False
12585,False
12588,False
12589,False
12591,False
12593,False
12594,False
12595,False
12598,False
12599,False
12604,False
12607,False
12610,False
12611,False
12616,False
12626,False
12631,False
12632,False
12637,False
12638,False
12650,False
12651,False
12653,False
12654,False
12655,False
12657,False
12658,False
12663,False
12665,False
12683,False
12686,False
12714,False
12715,False
12716,False
12737,False
12739,False
12742,False
12745,False
12748,False
12749,False
12751,False
12754,False
12756,False
12758,False
12760,False
12762,False
12764,False
12766,False
12768,False
12769,False
12774,False
12775,False
12777,False
12778,False
12780,False
12782,False
12785,False
12786,False
12787,False
12788,False
12793,False
12795,False
12796,False
12798,False
12800,False
12804,False
12805,False
12806,False
12808,False
12811,False
12812,False
12825,False
12826,False
12827,False
12829,False
12831,False
12835,False
12837,False
12841,False
12843,False
12844,False
12846,False
12850,False
12852,False
12854,False
12857,False
12858,False
12859,False
12860,False
12861,False
12866,False
12869,False
12874,False
12875,False
12882,False
12883,False
12884,False
12890,False
12891,False
12895,False
12896,False
12898,False
12900,False
12901,False
12902,False
12903,False
12904,False
12905,False
12907,False
12910,False
12911,False
12916,False
12917,False
12918,False
12919,False
12920,False
12925,False
12928,False
12943,False
12944,False
12951,False
12954,False
12958,False
12959,False
12961,False
12962,False
12963,False
12964,False
12965,False
12969,False
12970,False
12973,False
12974,False
12976,False
12984,False
12986,False
12988,False
12989,False
12991,False
12992,False
12997,False
12998,False
13001,False
13002,False
13007,False
13008,False
13011,False
13014,False
13015,False
13019,False
13025,False
13030,False
13036,False
13038,False
13041,False
13042,False
13045,False
13051,False
13053,False
13057,False
13059,False
13060,False
13061,False
13062,False
13065,False
13067,False
13068,False
13070,False
13071,False
13073,False
13075,False
13076,False
13080,False
13081,False
13082,False
13085,False
13087,False
13091,False
13094,False
13095,False
13096,False
13097,False
13103,False
13105,False
13106,False
13108,False
13109,False
13115,False
13120,False
13127,False
13135,False
13136,False
13137,False
13138,False
13139,False
13146,False
13147,False
13148,False
13150,False
13151,False
13153,False
13154,False
13155,False
13158,False
13159,False
13160,False
13162,False
13163,False
13164,False
13167,False
13168,False
13169,False
13173,False
13174,False
13175,False
13180,False
13181,False
13182,False
13183,False
13184,False
13186,False
13187,False
13188,False
13189,False
13191,False
13193,False
13195,False
13205,False
13206,False
13207,False
13208,False
13210,False
13211,False
13212,False
13214,False
13219,False
13221,False
13225,False
13226,False
13227,False
13228,False
13229,False
13231,False
13234,False
13236,False
13237,False
13238,False
13239,False
13240,False
13243,False
13247,False
13248,False
13249,False
13250,False
13251,False
13252,False
13253,False
13255,False
13256,False
13257,False
13258,False
13259,False
13260,False
13261,False
13263,False
13265,False
13266,False
13269,False
13273,False
13277,False
13280,False
13285,False
13286,False
13287,False
13289,False
13291,False
13295,False
13299,False
13300,False
13303,False
13305,False
13308,False
13309,False
13311,False
13313,False
13316,False
13318,False
13319,False
13320,False
13321,False
13322,False
13328,False
13329,False
13330,False
13331,False
13336,False
13337,False
13339,False
13342,False
13343,False
13345,False
13346,False
13353,False
13355,False
13356,False
13360,False
13362,False
13363,False
13366,False
13367,False
13368,False
13369,False
13371,False
13372,False
13373,False
13375,False
13376,False
13382,False
13384,False
13385,False
13386,False
13387,False
13391,False
13393,False
13394,False
13398,False
13401,False
13403,False
13409,False
13410,False
13411,False
13412,False
13414,False
13422,False
13423,False
13426,False
13427,False
13429,False
13430,False
13432,False
13433,False
13443,False
13444,False
13445,False
13446,False
13447,False
13449,False
13450,False
13451,False
13452,False
13453,False
13457,False
13458,False
13462,False
13463,False
13467,False
13476,False
13492,False
13494,False
13496,False
13497,False
13499,False
13500,False
13511,False
13512,False
13513,False
13514,False
13516,False
13517,False
13522,False
13526,False
13529,False
13533,False
13539,False
13543,False
13548,False
13549,False
13555,False
13556,False
13561,False
13563,False
13567,False
13569,False
13571,False
13572,False
13573,False
13574,False
13578,False
13582,False
13583,False
13585,False
13586,False
13603,False
13604,False
13606,False
13609,False
13611,False
13613,False
13615,False
13617,False
13618,False
13619,False
13621,False
13624,False
13628,False
13630,False
13632,False
13633,False
13634,False
13635,False
13637,False
13638,False
13644,False
13648,False
13649,False
13651,False
13653,False
13657,False
13660,False
13663,False
13664,False
13666,False
13668,False
13669,False
13671,False
13672,False
13674,False
13682,False
13683,False
13687,False
13688,False
13691,False
13694,False
13697,False
13699,False
13700,False
13703,False
13707,False
13709,False
13711,False
13713,False
13715,False
13724,False
13725,False
13726,False
13728,False
13729,False
13735,False
13737,False
13739,False
13740,False
13741,False
13742,False
13743,False
13744,False
13749,False
13750,False
13757,False
13758,False
13759,False
13772,False
13773,False
13774,False
13776,False
13777,False
13778,False
13782,False
13783,False
13787,False
13790,False
13791,False
13793,False
13794,False
13797,False
13798,False
13799,False
13800,False
13802,False
13805,False
13809,False
13810,False
13812,False
13814,False
13815,False
13818,False
13821,False
13825,False
13827,False
13828,False
13829,False
13830,False
13833,False
13835,False
13837,False
13838,False
13840,False
13842,False
13845,False
13847,False
13850,False
13851,False
13853,False
13856,False
13857,False
13858,False
13860,False
13865,False
13867,False
13871,False
13872,False
13873,False
13875,False
13876,False
13878,False
13879,False
13881,False
13883,False
13884,False
13887,False
13889,False
13907,False
13914,False
13918,False
13919,False
13921,False
13922,False
13925,False
13926,False
13927,False
13929,False
13932,False
13933,False
13942,False
13944,False
13945,False
13946,False
13948,False
13949,False
13950,False
13953,False
13955,False
13956,False
13958,False
13960,False
13963,False
13964,False
13965,False
13969,False
13973,False
13981,False
13983,False
13985,False
13986,False
13989,False
13991,False
13997,False
13998,False
14001,False
14035,False
14036,False
14037,False
14039,False
14041,False
14042,False
14045,False
14046,False
14051,False
14052,False
14053,False
14054,False
14055,False
14058,False
14059,False
14071,False
14074,False
14075,False
14079,False
14085,False
14087,False
14088,False
14091,False
14093,False
14096,False
14097,False
14099,False
14100,False
14102,False
14104,False
14105,False
14106,False
14108,False
14114,False
14117,False
14118,False
14121,False
14125,False
14128,False
14129,False
14131,False
14133,False
14134,False
14138,False
14139,False
14140,False
14141,False
14144,False
14146,False
14147,False
14148,False
14149,False
14150,False
14153,False
14154,False
14160,False
14163,False
14168,False
14173,False
14175,False
14176,False
14181,False
14182,False
14184,False
14187,False
14188,False
14190,False
14191,False
14192,False
14197,False
14200,False
14205,False
14206,False
14210,False
14211,False
14212,False
14213,False
14215,False
14216,False
14226,False
14229,False
14231,False
14232,False
14235,False
14237,False
14238,False
14239,False
14240,False
14241,False
14243,False
14249,False
14250,False
14251,False
14252,False
14254,False
14259,False
14260,False
14269,False
14272,False
14273,False
14276,False
14279,False
14280,False
14286,False
14288,False
14289,False
14294,False
14295,False
14296,False
14299,False
14302,False
14304,False
14307,False
14317,False
14318,False
14324,False
14326,False
14328,False
14329,False
14330,False
14336,False
14337,False
14343,False
14344,False
14347,False
14348,False
14349,False
14350,False
14352,False
14354,False
14359,False
14360,False
14361,False
14366,False
14367,False
14369,False
14371,False
14374,False
14375,False
14376,False
14378,False
14380,False
14386,False
14388,False
14390,False
14391,False
14392,False
14394,False
14395,False
14396,False
14397,False
14399,False
14401,False
14402,False
14403,False
14412,False
14416,False
14428,False
14430,False
14432,False
14433,False
14434,False
14435,False
14437,False
14438,False
14453,False
14455,False
14457,False
14458,False
14460,False
14462,False
14463,False
14466,False
14467,False
14471,False
14473,False
14474,False
14476,False
14480,False
14481,False
14484,False
14485,False
14486,False
14488,False
14494,False
14503,False
14504,False
14505,False
14507,False
14512,False
14514,False
14515,False
14516,False
14532,False
14533,False
14534,False
14537,False
14539,False
14552,False
14553,False
14554,False
14557,False
14558,False
14559,False
14562,False
14563,False
14564,False
14567,False
14569,False
14570,False
14573,False
14574,False
14576,False
14579,False
14581,False
14585,False
14586,False
14589,False
14591,False
14592,False
14595,False
14601,False
14608,False
14612,False
14613,False
14614,False
14615,False
14618,False
14619,False
14620,False
14625,False
14627,False
14628,False
14629,False
14631,False
14637,False
14638,False
14639,False
14640,False
14641,False
14643,False
14644,False
14645,False
14646,False
14650,False
14652,False
14653,False
14656,False
14658,False
14659,False
14660,False
14661,False
14664,False
14668,False
14669,False
14670,False
14671,False
14673,False
14674,False
14680,False
14683,False
14687,False
14688,False
14689,False
14703,False
14709,False
14716,False
14717,False
14718,False
14719,False
14720,False
14725,False
14728,False
14729,False
14730,False
14731,False
14737,False
14751,False
14752,False
14754,False
14755,False
14757,False
14762,False
14764,False
14766,False
14767,False
14769,False
14773,False
14775,False
14776,False
14777,False
14779,False
14782,False
14786,False
14789,False
14791,False
14793,False
14795,False
14797,False
14798,False
14803,False
14804,False
14810,False
14816,False
14819,False
14820,False
14823,False
14824,False
14826,False
14828,False
14831,False
14832,False
14834,False
14835,False
14837,False
14850,False
14853,False
14854,False
14859,False
14861,False
14863,False
14864,False
14865,False
14867,False
14868,False
14871,False
14874,False
14875,False
14877,False
14878,False
14883,False
14884,False
14887,False
14890,False
14891,False
14892,False
14893,False
14895,False
14899,False
14900,False
14904,False
14906,False
14909,False
14910,False
14912,False
14913,False
14916,False
14919,False
14920,False
14921,False
14923,False
14925,False
14926,False
14931,False
14932,False
14936,False
14940,False
14944,False
14945,False
14946,False
14947,False
14948,False
14950,False
14955,False
14957,False
14958,False
14964,False
14968,False
14972,False
14975,False
14976,False
14983,False
14993,False
14995,False
15000,False
15006,False
15011,False
15012,False
15015,False
15017,False
15020,False
15022,False
15023,False
15025,False
15028,False
15032,False
15035,False
15038,False
15039,False
15040,False
15041,False
15044,False
15046,False
15049,False
15051,False
15052,False
15054,False
15055,False
15060,False
15061,False
15063,False
15064,False
15069,False
15072,False
15081,False
15084,False
15088,False
15091,False
15093,False
15095,False
15096,False
15099,False
15100,False
15102,False
15103,False
15148,False
15150,False
15155,False
15157,False
15159,False
15160,False
15162,False
15167,False
15173,False
15185,False
15186,False
15187,False
15190,False
15205,False
15208,False
15238,False
15240,False
15243,False
15246,False
15248,False
15259,False
15262,False
15263,False
15264,False
15266,False
15267,False
15269,False
15272,False
15276,False
15278,False
15279,False
15281,False
15285,False
15288,False
15293,False
15299,False
15301,False
15304,False
15308,False
15309,False
15310,False
15312,False
15313,False
15315,False
15316,False
15317,False
15318,False
15320,False
15322,False
15323,False
15324,False
15332,False
15333,False
15334,False
15336,False
15338,False
15339,False
15340,False
15341,False
15359,False
15361,False
15364,False
15365,False
15378,False
15379,False
15380,False
15381,False
15385,False
15387,False
15391,False
15392,False
15394,False
15398,False
15401,False
15402,False
15404,False
15407,False
15410,False
15411,False
15412,False
15413,False
15415,False
15429,False
15431,False
15433,False
15434,False
15435,False
15436,False
15438,False
15440,False
15442,False
15450,False
15451,False
15452,False
15455,False
15457,False
15458,False
15459,False
15462,False
15470,False
15472,False
15474,False
15478,False
15479,False
15482,False
15484,False
15486,False
15487,False
15490,False
15493,False
15497,False
15498,False
15503,False
15504,False
15505,False
15508,False
15509,False
15525,False
15526,False
15528,False
15529,False
15532,False
15535,False
15539,False
15541,False
15542,False
15544,False
15546,False
15548,False
15553,False
15556,False
15557,False
15558,False
15563,False
15564,False
15567,False
15568,False
15572,False
15573,False
15574,False
15575,False
15576,False
15578,False
15580,False
15583,False
15613,False
15614,False
15617,False
15619,False
15624,False
15625,False
15626,False
15629,False
15631,False
15635,False
15638,False
15639,False
15640,False
15642,False
15643,False
15645,False
15647,False
15648,False
15649,False
15651,False
15652,False
15654,False
15658,False
15659,False
15666,False
15669,False
15672,False
15674,False
15677,False
15678,False
15681,False
15687,False
15690,False
15691,False
15693,False
15695,False
15700,False
15702,False
15704,False
15705,False
15720,False
15723,False
15729,False
15730,False
15731,False
15732,False
15735,False
15742,False
15744,False
15747,False
15749,False
15752,False
15754,False
15755,False
15760,False
15794,False
15795,False
15799,False
15800,False
15804,False
15805,False
15807,False
15808,False
15809,False
15810,False
15813,False
15814,False
15821,False
15824,False
15825,False
15828,False
15829,False
15833,False
15835,False
15836,False
15838,False
15842,False
15843,False
15844,False
15848,False
15849,False
15850,False
15851,False
15853,False
15854,False
15856,False
15857,False
15858,False
15862,False
15863,False
15867,False
15869,False
15875,False
15878,False
15879,False
15881,False
15884,False
15885,False
15887,False
15890,False
15891,False
15903,False
15904,False
15905,False
15910,False
15913,False
15914,False
15915,False
15919,False
15922,False
15925,False
15929,False
15930,False
15931,False
15936,False
15943,False
15944,False
15945,False
15946,False
15947,False
15950,False
15954,False
15956,False
15960,False
15961,False
15963,False
15964,False
15969,False
15972,False
15977,False
15979,False
16018,False
16020,False
16023,False
16025,False
16028,False
16031,False
16038,False
16042,False
16043,False
16060,False
16062,False
16063,False
16064,False
16066,False
16070,False
16071,False
16076,False
16077,False
16078,False
16082,False
16084,False
16086,False
16090,False
16091,False
16093,False
16096,False
16097,False
16099,False
16100,False
16102,False
16104,False
16105,False
16107,False
16110,False
16113,False
16114,False
16116,False
16119,False
16120,False
16121,False
16122,False
16124,False
16125,False
16128,False
16129,False
16132,False
16133,False
16140,False
16146,False
16148,False
16155,False
16157,False
16160,False
16161,False
16166,False
16169,False
16176,False
16177,False
16178,False
16179,False
16180,False
16182,False
16184,False
16187,False
16188,False
16189,False
16190,False
16192,False
16197,False
16199,False
16200,False
16202,False
16203,False
16205,False
16209,False
16211,False
16213,False
16219,False
16225,False
16226,False
16227,False
16231,False
16232,False
16234,False
16236,False
16244,False
16246,False
16249,False
16251,False
16252,False
16255,False
16256,False
16257,False
16259,False
16260,False
16261,False
16264,False
16265,False
16267,False
16268,False
16269,False
16271,False
16272,False
16276,False
16279,False
16280,False
16282,False
16284,False
16285,False
16287,False
16288,False
16290,False
16291,False
16293,False
16297,False
16298,False
16299,False
16303,False
16306,False
16309,False
16325,False
16326,False
16333,False
16335,False
16338,False
16341,False
16346,False
16347,False
16349,False
16350,False
16352,False
16354,False
16356,False
16358,False
16361,False
16362,False
16364,False
16368,False
16377,False
16381,False
16390,False
16393,False
16394,False
16396,False
16397,False
16399,False
16401,False
16405,False
16406,False
16408,False
16410,False
16411,False
16413,False
16415,False
16417,False
16420,False
16421,False
16422,False
16423,False
16424,False
16428,False
16429,False
16430,False
16434,False
16435,False
16440,False
16441,False
16442,False
16444,False
16446,False
16448,False
16463,False
16478,False
16479,False
16480,False
16481,False
16483,False
16485,False
16490,False
16492,False
16494,False
16495,False
16498,False
16502,False
16505,False
16507,False
16511,False
16512,False
16513,False
16515,False
16517,False
16534,False
16535,False
16537,False
16539,False
16540,False
16541,False
16542,False
16544,False
16553,False
16555,False
16556,False
16557,False
16558,False
16568,False
16570,False
16573,False
16575,False
16580,False
16582,False
16583,False
16589,False
16593,False
16594,False
16595,False
16598,False
16601,False
16606,False
16613,False
16631,False
16633,False
16634,False
16638,False
16641,False
16642,False
16645,False
16647,False
16648,False
16650,False
16652,False
16655,False
16656,False
16657,False
16658,False
16659,False
16661,False
16663,False
16665,False
16666,False
16668,False
16669,False
16670,False
16672,False
16674,False
16676,False
16679,False
16680,False
16684,False
16687,False
16688,False
16689,False
16690,False
16696,False
16698,False
16703,False
16704,False
16721,False
16722,False
16725,False
16728,False
16732,False
16734,False
16735,False
16736,False
16737,False
16741,False
16743,False
16744,False
16745,False
16746,False
16749,False
16750,False
16752,False
16755,False
16756,False
16767,False
16768,False
16769,False
16770,False
16771,False
16777,False
16779,False
16780,False
16785,False
16786,False
16789,False
16794,False
16796,False
16799,False
16800,False
16804,False
16805,False
16806,False
16808,False
16818,False
16821,False
16822,False
16823,False
16826,False
16830,False
16831,False
16832,False
16836,False
16838,False
16839,False
16842,False
16848,False
16855,False
16857,False
16858,False
16859,False
16860,False
16862,False
16863,False
16867,False
16868,False
16870,False
16873,False
16875,False
16877,False
16878,False
16883,False
16901,False
16903,False
16904,False
16905,False
16907,False
16909,False
16910,False
16912,False
16914,False
16924,False
16928,False
16930,False
16932,False
16934,False
16936,False
16939,False
16940,False
16941,False
16944,False
16945,False
16946,False
16947,False
16957,False
16958,False
16959,False
16961,False
16964,False
16965,False
16966,False
16974,False
16978,False
16980,False
16985,False
16986,False
16992,False
16993,False
16994,False
16997,False
16999,False
17001,False
17004,False
17009,False
17011,False
17012,False
17013,False
17016,False
17020,False
17022,False
17023,False
17027,False
17028,False
17031,False
17034,False
17035,False
17039,False
17042,False
17043,False
17098,False
17099,False
17101,False
17102,False
17103,False
17104,False
17105,False
17108,False
17109,False
17113,False
17116,False
17118,False
17119,False
17121,False
17122,False
17123,False
17125,False
17131,False
17132,False
17133,False
17136,False
17137,False
17138,False
17139,False
17140,False
17141,False
17142,False
17144,False
17145,False
17147,False
17148,False
17150,False
17154,False
17155,False
17159,False
17161,False
17162,False
17163,False
17169,False
17173,False
17178,False
17179,False
17180,False
17182,False
17201,False
17203,False
17204,False
17206,False
17207,False
17210,False
17211,False
17216,False
17218,False
17222,False
17223,False
17224,False
17225,False
17226,False
17230,False
17231,False
17235,False
17236,False
17238,False
17241,False
17243,False
17245,False
17247,False
17249,False
17252,False
17254,False
17255,False
17257,False
17262,False
17263,False
17264,False
17267,False
17269,False
17270,False
17273,False
17276,False
17277,False
17279,False
17280,False
17283,False
17284,False
17287,False
17290,False
17292,False
17293,False
17297,False
17298,False
17299,False
17305,False
17306,False
17307,False
17313,False
17319,False
17320,False
17323,False
17324,False
17326,False
17327,False
17328,False
17329,False
17330,False
17335,False
17336,False
17342,False
17345,False
17347,False
17350,False
17351,False
17358,False
17360,False
17361,False
17363,False
17370,False
17412,False
17418,False
17446,False
17449,False
17452,False
17453,False
17454,False
17458,False
17460,False
17462,False
17464,False
17466,False
17468,False
17469,False
17471,False
17472,False
17473,False
17474,False
17481,False
17485,False
17488,False
17490,False
17491,False
17492,False
17495,False
17496,False
17499,False
17500,False
17501,False
17503,False
17508,False
17509,False
17510,False
17511,False
17516,False
17517,False
17520,False
17521,False
17522,False
17524,False
17525,False
17526,False
17531,False
17532,False
17533,False
17534,False
17535,False
17538,False
17540,False
17542,False
17543,False
17545,False
17546,False
17549,False
17550,False
17554,False
17555,False
17556,False
17559,False
17562,False
17566,False
17567,False
17569,False
17570,False
17572,False
17573,False
17577,False
17593,False
17614,False
17624,False
17630,False
17634,False
17636,False
17637,False
17644,False
17656,False
17658,False
17659,False
17661,False
17662,False
17664,False
17665,False
17667,False
17671,False
17673,False
17674,False
17675,False
17676,False
17677,False
17680,False
17682,False
17683,False
17684,False
17685,False
17687,False
17688,False
17689,False
17691,False
17692,False
17696,False
17701,False
17703,False
17706,False
17708,False
17709,False
17711,False
17712,False
17713,False
17714,False
17715,False
17720,False
17722,False
17724,False
17726,False
17728,False
17729,False
17730,False
17732,False
17733,False
17735,False
17748,False
17751,False
17752,False
17753,False
17754,False
17755,False
17758,False
17760,False
17761,False
17765,False
17767,False
17768,False
17769,False
17771,False
17773,False
17774,False
17775,False
17779,False
17780,False
17782,False
17785,False
17786,False
17787,False
17788,False
17789,False
17790,False
17795,False
17796,False
17798,False
17803,False
17809,False
17810,False
17811,False
17815,False
17816,False
17819,False
17820,False
17822,False
17827,False
17829,False
17830,False
17833,False
17836,False
17841,False
17844,False
17845,False
17847,False
17849,False
17851,False
17853,False
17857,False
17858,False
17860,False
17861,False
17864,False
17865,False
17866,False
17867,False
17871,False
17872,False
17876,False
17878,False
17879,False
17880,False
17881,False
17882,False
17884,False
17886,False
17889,False
17899,False
17901,False
17903,False
17907,False
17908,False
17909,False
17910,False
17914,False
17917,False
17919,False
17922,False
17924,False
17926,False
17928,False
17933,False
17936,False
17937,False
17940,False
17942,False
17944,False
17945,False
17948,False
17949,False
17951,False
17956,False
17961,False
17962,False
17963,False
17967,False
17970,False
17974,False
17975,False
17980,False
17981,False
17982,False
17984,False
17985,False
17988,False
17989,False
17990,False
17991,False
17992,False
18014,False
18015,False
18017,False
18020,False
18023,False
18024,False
18028,False
18029,False
18034,False
18036,False
18037,False
18040,False
18042,False
18044,False
18046,False
18047,False
18048,False
18049,False
18050,False
18053,False
18054,False
18056,False
18057,False
18058,False
18059,False
18065,False
18067,False
18069,False
18074,False
18075,False
18078,False
18083,False
18085,False
18086,False
18087,False
18097,False
18099,False
18101,False
18103,False
18106,False
18109,False
18115,False
18117,False
18119,False
18120,False
18122,False
18124,False
18125,False
18129,False
18131,False
18138,False
18142,False
18144,False
18150,False
18152,False
18153,False
18154,False
18155,False
18156,False
18157,False
18159,False
18160,False
18163,False
18168,False
18174,False
18175,False
18178,False
18179,False
18180,False
18182,False
18187,False
18190,False
18192,False
18197,False
18198,False
18199,False
18200,False
18201,False
18206,False
18212,False
18213,False
18214,False
18215,False
18217,False
18219,False
18220,False
18221,False
18222,False
18224,False
18227,False
18230,False
18233,False
18234,False
18242,False
18247,False
18250,False
18253,False
18255,False
18256,False
18259,False
18262,False
18264,False
18268,False
18273,False
18274,False
18277,False
18281,False
18285,False
18286,False
18290,False
18292,False
18293,False
18294,False
18295,False
18308,False
18309,False
18311,False
18313,False
18314,False
18319,False
18321,False
18322,False
18323,False
18325,False
18327,False
18330,False
18331,False
18342,False
18344,False
18350,False
18354,False
18356,False
18361,False
18364,False
18365,False
18368,False
18370,False
18372,False
18373,False
18374,False
18375,False
18378,False
18381,False
18383,False
18385,False
18386,False
18388,False
18390,False
18391,False
18394,False
18408,False
18409,False
18411,False
18413,False
18414,False
18419,False
18420,False
18422,False
18423,False
18427,False
18431,False
18432,False
18433,False
18434,False
18435,False
18436,False
18437,False
18438,False
18439,False
18440,False
18441,False
18443,False
18446,False
18447,False
18450,False
18454,False
18457,False
18458,False
18459,False
18461,False
18463,False
18464,False
18465,False
18467,False
18468,False
18474,False
18475,False
18478,False
18480,False
18481,False
18485,False
18491,False
18493,False
18494,False
18498,False
18500,False
18502,False
18509,False
18510,False
18511,False
18515,False
18518,False
18519,False
18521,False
18524,False
18525,False
18527,False
18531,False
18532,False
18533,False
18534,False
18537,False
18541,False
18542,False
18545,False
18546,False
18547,False
18552,False
18554,False
18555,False
18557,False
18560,False
18564,False
18574,False
18575,False
18581,False
18583,False
18587,False
18594,False
18597,False
18627,False
18628,False
18629,False
18630,False
18635,False
18637,False
18639,False
18643,False
18644,False
18647,False
18648,False
18652,False
18654,False
18656,False
18658,False
18659,False
18660,False
18665,False
18666,False
18669,False
18670,False
18671,False
18674,False
18676,False
18677,False
18678,False
18680,False
18681,False
18683,False
18684,False
18685,False
18686,False
18688,False
18689,False
18691,False
18692,False
18695,False
18696,False
18697,False
18698,False
18699,False
18703,False
18704,False
18705,False
18707,False
18709,False
18713,False
18715,False
18716,False
18718,False
18722,False
18724,False
18727,False
18729,False
18730,False
18734,False
18741,False
18744,False
18746,False
18748,False
18752,False
18754,False
18755,False
18761,False
18762,False
18763,False
18764,False
18765,False
18771,False
18772,False
18773,False
18775,False
18781,False
18784,False
18800,False
18801,False
18813,False
18817,False
18818,False
18819,False
18822,False
18829,False
18830,False
18831,False
18832,False
18834,False
18835,False
18838,False
18843,False
18844,False
18847,False
18851,False
18852,False
18853,False
18856,False
18857,False
18859,False
18861,False
18862,False
18863,False
18864,False
18866,False
18874,False
18875,False
18877,False
18881,False
18882,False
18884,False
18888,False
18889,False
18890,False
18892,False
18893,False
18895,False
18897,False
18898,False
18899,False
18900,False
18901,False
18902,False
18903,False
18904,False
18908,False
18909,False
18911,False
18913,False
18916,False
18917,False
18918,False
18920,False
18922,False
18923,False
18927,False
18928,False
18931,False
18932,False
18933,False
18934,False
18936,False
18939,False
18940,False
18941,False
18944,False
18945,False
18947,False
18948,False
18952,False
18953,False
18954,False
18959,False
18961,False
18962,False
18964,False
18965,False
18967,False
18968,False
18969,False
18971,False
18975,False
18976,False
18977,False
18997,False
19000,False
19003,False
19007,False
19009,False
19010,False
19011,False
19012,False
19013,False
19016,False
19017,False
19018,False
19021,False
19025,False
19029,False
19031,False
19033,False
19034,False
19035,False
19037,False
19038,False
19047,False
19049,False
19051,False
19059,False
19060,False
19062,False
19072,False
19073,False
19074,False
19082,False
19083,False
19084,False
19085,False
19088,False
19089,False
19091,False
19094,False
19095,False
19097,False
19098,False
19099,False
19100,False
19108,False
19110,False
19111,False
19112,False
19113,False
19119,False
19120,False
19121,False
19130,False
19135,False
19136,False
19137,False
19138,False
19139,False
19140,False
19142,False
19144,False
19146,False
19151,False
19152,False
19153,False
19159,False
19161,False
19185,False
19186,False
19187,False
19191,False
19193,False
19194,False
19199,False
19201,False
19204,False
19205,False
19206,False
19207,False
19208,False
19209,False
19210,False
19214,False
19230,False
19234,False
19235,False
19244,False
19246,False
19249,False
19252,False
19254,False
19256,False
19258,False
19261,False
19263,False
19267,False
19269,False
19271,False
19272,False
19277,False
19278,False
19283,False
19284,False
19285,False
19287,False
19290,False
19293,False
19294,False
19297,False
19298,False
19302,False
19304,False
19306,False
19307,False
19308,False
19311,False
19313,False
19314,False
19315,False
19318,False
19319,False
19320,False
19322,False
19323,False
19324,False
19325,False
19327,False
19331,False
19332,False
19335,False
19336,False
19337,False
19342,False
19343,False
19346,False
19347,False
19348,False
19350,False
19352,False
19353,False
19354,False
19356,False
19360,False
19362,False
19363,False
19365,False
19369,False
19374,False
19376,False
19379,False
19381,False
19382,False
19385,False
19386,False
19387,False
19389,False
19390,False
19392,False
19393,False
19395,False
19396,False
19397,False
19399,False
19400,False
19403,False
19405,False
19407,False
19409,False
19410,False
19411,False
19412,False
19416,False
19418,False
19419,False
19422,False
19425,False
19427,False
19430,False
19431,False
19433,False
19437,False
19438,False
19451,False
19455,False
19457,False
19458,False
19460,False
19461,False
19464,False
19465,False
19466,False
19467,False
19468,False
19473,False
19474,False
19475,False
19476,False
19477,False
19479,False
19480,False
19482,False
19483,False
19484,False
19485,False
19486,False
19496,False
19497,False
19499,False
19500,False
19515,False
19516,False
19518,False
19519,False
19521,False
19524,False
19525,False
19530,False
19531,False
19532,False
19533,False
19534,False
19538,False
19540,False
19541,False
19542,False
19544,False
19546,False
19549,False
19551,False
19557,False
19558,False
19560,False
19562,False
19567,False
19569,False
19572,False
19576,False
19578,False
19581,False
19582,False
19583,False
19584,False
19588,False
19589,False
19590,False
19595,False
19598,False
19601,False
19602,False
19603,False
19606,False
19607,False
19608,False
19611,False
19613,False
19617,False
19618,False
19619,False
19620,False
19621,False
19624,False
19626,False
19627,False
19630,False
19631,False
19632,False
19635,False
19636,False
19637,False
19639,False
19641,False
19650,False
19651,False
19653,False
19654,False
19676,False
19677,False
19678,False
19679,False
19681,False
19685,False
19687,False
19688,False
19691,False
19694,False
19697,False
19698,False
19702,False
19705,False
19706,False
19709,False
19710,False
19713,False
19714,False
19716,False
19721,False
19723,False
19725,False
19729,False
19731,False
19733,False
19734,False
19736,False
19737,False
19741,False
19742,False
19743,False
19744,False
19747,False
19749,False
19750,False
19753,False
19755,False
19757,False
19758,False
19759,False
19762,False
19763,False
19764,False
19767,False
19768,False
19770,False
19771,False
19773,False
19774,False
19775,False
19776,False
19777,False
19809,False
19812,False
19813,False
19814,False
19815,False
19816,False
19817,False
19820,False
19828,False
19829,False
19830,False
19831,False
19833,False
19837,False
19840,False
19845,False
19846,False
19847,False
19849,False
19851,False
19853,False
19859,False
19861,False
19863,False
19866,False
19867,False
19869,False
19920,False
19921,False
19928,False
19930,False
19936,False
19938,False
19939,False
19945,False
19947,False
19948,False
19953,False
19954,False
19956,False
19958,False
19961,False
19962,False
19963,False
19965,False
19985,False
19986,False
19995,False
19999,False
20001,False
20027,False
20029,False
20031,False
20033,False
20034,False
20039,False
20040,False
20041,False
20042,False
20044,False
20049,False
20053,False
20056,False
20057,False
20062,False
20064,False
20065,False
20067,False
20069,False
20071,False
20072,False
20077,False
20078,False
20079,False
20081,False
20084,False
20086,False
20087,False
20090,False
20093,False
20098,False
20099,False
20101,False
20108,False
20110,False
20113,False
20115,False
20117,False
20119,False
20120,False
20123,False
20126,False
20127,False
20128,False
20129,False
20130,False
20147,False
20148,False
20150,False
20153,False
20154,False
20156,False
20157,False
20162,False
20165,False
20168,False
20169,False
20177,False
20200,False
20201,False
20203,False
20204,False
20206,False
20207,False
20208,False
20209,False
20213,False
20217,False
20218,False
20219,False
20222,False
20228,False
20229,False
20230,False
20234,False
20238,False
20240,False
20241,False
20261,False
20264,False
20265,False
20267,False
20268,False
20269,False
20272,False
20273,False
20275,False
20277,False
20278,False
20282,False
20283,False
20284,False
20285,False
20286,False
20288,False
20290,False
20292,False
20294,False
20297,False
20301,False
20302,False
20304,False
20305,False
20308,False
20309,False
20311,False
20312,False
20314,False
20316,False
20319,False
20325,False
20328,False
20329,False
20330,False
20331,False
20332,False
20335,False
20337,False
20340,False
20342,False
20349,False
20350,False
20353,False
20355,False
20358,False
20359,False
20363,False
20389,False
20390,False
20391,False
20393,False
20395,False
20396,False
20401,False
20405,False
20408,False
20411,False
20412,False
20413,False
20417,False
20418,False
20419,False
20421,False
20422,False
20423,False
20427,False
20434,False
20435,False
20439,False
20440,False
20442,False
20443,False
20444,False
20445,False
20453,False
20456,False
20462,False
20465,False
20479,False
20481,False
20482,False
20484,False
20485,False
20486,False
20488,False
20489,False
20492,False
20498,False
20500,False
20501,False
20504,False
20509,False
20511,False
20513,False
20517,False
20522,False
20523,False
20524,False
20526,False
20527,False
20528,False
20534,False
20536,False
20540,False
20542,False
20544,False
20547,False
20548,False
20549,False
20551,False
20553,False
20557,False
20558,False
20563,False
20564,False
20565,False
20570,False
20575,False
20576,False
20578,False
20579,False
20584,False
20587,False
20589,False
20590,False
20591,False
20594,False
20596,False
20597,False
20599,False
20600,False
20601,False
20602,False
20603,False
20604,False
20605,False
20606,False
20607,False
20608,False
20612,False
20613,False
20614,False
20615,False
20616,False
20617,False
20619,False
20624,False
20625,False
20626,False
20631,False
20633,False
20636,False
20639,False
20641,False
20642,False
20643,False
20644,False
20646,False
20647,False
20649,False
20650,False
20652,False
20653,False
20654,False
20655,False
20660,False
20662,False
20666,False
20672,False
20674,False
20675,False
20711,False
20712,False
20714,False
20715,False
20719,False
20722,False
20726,False
20728,False
20734,False
20737,False
20738,False
20742,False
20743,False
20745,False
20748,False
20749,False
20751,False
20752,False
20753,False
20754,False
20758,False
20759,False
20762,False
20765,False
20771,False
20776,False
20778,False
20779,False
20787,False
20788,False
20789,False
20790,False
20791,False
20801,False
20805,False
20806,False
20810,False
20813,False
20814,False
20815,False
20816,False
20818,False
20822,False
20823,False
20825,False
20828,False
20831,False
20832,False
20833,False
20835,False
20837,False
20840,False
20841,False
20844,False
20845,False
20847,False
20853,False
20855,False
20860,False
20862,False
20864,False
20866,False
20869,False
20870,False
20872,False
20873,False
20874,False
20878,False
20880,False
20883,False
20886,False
20889,False
20892,False
20893,False
20895,False
20897,False
20901,False
20902,False
20903,False
20907,False
20913,False
20914,False
20915,False
20917,False
20919,False
20920,False
20922,False
20923,False
20924,False
20925,False
20929,False
20930,False
20932,False
20936,False
20939,False
20944,False
20946,False
20951,False
20952,False
20953,False
20960,False
20961,False
20962,False
20963,False
20964,False
20965,False
20970,False
20975,False
20976,False
20977,False
20981,False
20985,False
20986,False
20987,False
20988,False
20995,False
20997,False
21002,False
21003,False
21006,False
21008,False
21009,False
21011,False
21013,False
21017,False
21022,False
21023,False
21026,False
21027,False
21028,False
21038,False
21041,False
21043,False
21044,False
21046,False
21047,False
21049,False
21050,False
21052,False
21053,False
21054,False
21055,False
21057,False
21060,False
21061,False
21063,False
21064,False
21065,False
21067,False
21068,False
21072,False
21074,False
21077,False
21078,False
21080,False
21088,False
21090,False
21091,False
21093,False
21094,False
21095,False
21096,False
21097,False
21101,False
21103,False
21107,False
21108,False
21109,False
21110,False
21111,False
21113,False
21114,False
21115,False
21117,False
21122,False
21123,False
21126,False
21130,False
21131,False
21134,False
21148,False
21149,False
21153,False
21157,False
21158,False
21159,False
21160,False
21186,False
21187,False
21189,False
21192,False
21195,False
21197,False
21200,False
21205,False
21206,False
21207,False
21208,False
21209,False
21213,False
21214,False
21215,False
21221,False
21224,False
21226,False
21228,False
21229,False
21230,False
21240,False
21241,False
21244,False
21246,False
21249,False
21250,False
21252,False
21257,False
21259,False
21260,False
21262,False
21264,False
21265,False
21266,False
21267,False
21269,False
21275,False
21276,False
21277,False
21278,False
21279,False
21280,False
21284,False
21285,False
21288,False
21290,False
21292,False
21293,False
21306,False
21307,False
21308,False
21313,False
21317,False
21319,False
21321,False
21322,False
21324,False
21326,False
21328,False
21329,False
21331,False
21332,False
21334,False
21336,False
21338,False
21339,False
21344,False
21345,False
21346,False
21348,False
21349,False
21360,False
21363,False
21367,False
21368,False
21369,False
21371,False
21378,False
21379,False
21380,False
21383,False
21389,False
21391,False
21392,False
21393,False
21397,False
21399,False
21401,False
21403,False
21405,False
21416,False
21419,False
21421,False
21422,False
21423,False
21428,False
21429,False
21430,False
21431,False
21432,False
21434,False
21435,False
21438,False
21439,False
21449,False
21450,False
21454,False
21457,False
21461,False
21467,False
21468,False
21470,False
21471,False
21478,False
21482,False
21483,False
21484,False
21486,False
21489,False
21490,False
21491,False
21492,False
21493,False
21494,False
21495,False
21496,False
21500,False
21505,False
21512,False
21513,False
21514,False
21517,False
21518,False
21519,False
21522,False
21525,False
21527,False
21528,False
21532,False
21534,False
21535,False
21555,False
21556,False
21563,False
21565,False
21567,False
21569,False
21571,False
21573,False
21575,False
21576,False
21577,False
21578,False
21579,False
21580,False
21585,False
21586,False
21604,False
21605,False
21607,False
21608,False
21609,False
21610,False
21612,False
21616,False
21619,False
21621,False
21624,False
21625,False
21626,False
21631,False
21632,False
21633,False
21638,False
21643,False
21648,False
21650,False
21654,False
21658,False
21662,False
21663,False
21666,False
21671,False
21672,False
21680,False
21682,False
21683,False
21684,False
21685,False
21687,False
21688,False
21690,False
21691,False
21694,False
21696,False
21697,False
21709,False
21710,False
21712,False
21713,False
21714,False
21717,False
21718,False
21721,False
21723,False
21737,False
21738,False
21740,False
21741,False
21743,False
21744,False
21745,False
21746,False
21747,False
21748,False
21751,False
21752,False
21754,False
21759,False
21761,False
21762,False
21763,False
21764,False
21766,False
21768,False
21769,False
21770,False
21771,False
21775,False
21776,False
21782,False
21783,False
21785,False
21791,False
21796,False
21798,False
21799,False
21800,False
21801,False
21803,False
21805,False
21808,False
21811,False
21813,False
21855,False
21873,False
21874,False
21876,False
21878,False
21882,False
21884,False
21887,False
21888,False
21890,False
21891,False
21892,False
21893,False
21894,False
21895,False
21896,False
21897,False
21898,False
21899,False
21900,False
21904,False
21906,False
21907,False
21908,False
21909,False
21910,False
21913,False
21915,False
21916,False
21918,False
21932,False
21933,False
21935,False
21938,False
21939,False
21940,False
21941,False
21942,False
21944,False
21948,False
21949,False
21950,False
21959,False
21961,False
21965,False
21966,False
21970,False
21972,False
21974,False
21975,False
21983,False
21984,False
21985,False
21987,False
21990,False
21991,False
21993,False
21997,False
21999,False
22000,False
22001,False
22002,False
22003,False
22004,False
22005,False
22007,False
22013,False
22014,False
22017,False
22019,False
22020,False
22021,False
22022,False
22025,False
22029,False
22030,False
22032,False
22034,False
22035,False
22037,False
22042,False
22043,False
22047,False
22051,False
22053,False
22055,False
22056,False
22058,False
22061,False
22063,False
22066,False
22071,False
22072,False
22073,False
22074,False
22079,False
22082,False
22084,False
22087,False
22090,False
22092,False
22095,False
22100,False
22101,False
22102,False
22109,False
22113,False
22114,False
22115,False
22118,False
22122,False
22123,False
22127,False
22134,False
22135,False
22136,False
22138,False
22143,False
22146,False
22148,False
22151,False
22155,False
22156,False
22157,False
22197,False
22198,False
22199,False
22205,False
22206,False
22208,False
22214,False
22215,False
22217,False
22220,False
22223,False
22224,False
22226,False
22227,False
22228,False
22231,False
22234,False
22240,False
22241,False
22242,False
22243,False
22248,False
22250,False
22252,False
22253,False
22254,False
22257,False
22258,False
22260,False
22276,False
22280,False
22286,False
22290,False
22292,False
22296,False
22297,False
22299,False
22301,False
22305,False
22306,False
22317,False
22319,False
22321,False
22324,False
22330,False
22332,False
22334,False
22346,False
22348,False
22350,False
22355,False
22360,False
22365,False
22370,False
22373,False
22376,False
22377,False
22383,False
22384,False
22390,False
22391,False
22392,False
22393,False
22395,False
22397,False
22399,False
22400,False
22401,False
22403,False
22405,False
22407,False
22408,False
22410,False
22413,False
22417,False
22421,False
22423,False
22425,False
22428,False
22429,False
22433,False
22438,False
22440,False
22441,False
22443,False
22447,False
22450,False
22453,False
22455,False
22458,False
22487,False
22488,False
22493,False
22494,False
22495,False
22496,False
22499,False
22506,False
22508,False
22509,False
22510,False
22514,False
22516,False
22518,False
22523,False
22525,False
22528,False
22529,False
22530,False
22536,False
22539,False
22541,False
22543,False
22554,False
22555,False
22556,False
22561,False
22562,False
22564,False
22565,False
22567,False
22571,False
22572,False
22574,False
22577,False
22579,False
22585,False
22590,False
22593,False
22594,False
22609,False
22610,False
22611,False
22612,False
22614,False
22615,False
22616,False
22617,False
22620,False
22624,False
22625,False
22626,False
22627,False
22631,False
22635,False
22636,False
22637,False
22638,False
22640,False
22642,False
22645,False
22651,False
22652,False
22653,False
22654,False
22656,False
22658,False
22659,False
22660,False
22661,False
22662,False
22669,False
22672,False
22673,False
22675,False
22686,False
22687,False
22689,False
22690,False
22692,False
22694,False
22697,False
22701,False
22702,False
22703,False
22705,False
22706,False
22711,False
22714,False
22716,False
22717,False
22720,False
22723,False
22726,False
22728,False
22737,False
22738,False
22739,False
22740,False
22743,False
22744,False
22746,False
22747,False
22748,False
22753,False
22756,False
22759,False
22761,False
22765,False
22766,False
22767,False
22770,False
22773,False
22775,False
22778,False
22780,False
22782,False
22783,False
22784,False
22785,False
22788,False
22790,False
22791,False
22792,False
22794,False
22797,False
22804,False
22806,False
22809,False
22810,False
22812,False
22814,False
22815,False
22816,False
22817,False
22818,False
22821,False
22824,False
22825,False
22829,False
22831,False
22832,False
22834,False
22836,False
22837,False
22839,False
22840,False
22841,False
22843,False
22844,False
22848,False
22852,False
22853,False
22854,False
22856,False
22857,False
22858,False
22872,False
22873,False
22875,False
22876,False
22877,False
22878,False
22879,False
22881,False
22882,False
22884,False
22885,False
22887,False
22888,False
22892,False
22893,False
22896,False
22898,False
22899,False
22900,False
22901,False
22903,False
22906,False
22907,False
22908,False
22909,False
22913,False
22914,False
22919,False
22921,False
22930,False
22933,False
22934,False
22936,False
22937,False
22938,False
22939,False
22940,False
22941,False
22942,False
22945,False
22947,False
22949,False
22951,False
22953,False
22954,False
22956,False
22958,False
22961,False
22962,False
22967,False
22968,False
22972,False
22974,False
22976,False
22977,False
22979,False
22982,False
22986,False
22990,False
22991,False
22995,False
22997,False
22999,False
23000,False
23002,False
23003,False
23004,False
23006,False
23007,False
23009,False
23011,False
23013,False
23014,False
23015,False
23016,False
23019,False
23020,False
23027,False
23029,False
23031,False
23032,False
23033,False
23034,False
23042,False
23046,False
23050,False
23054,False
23055,False
23057,False
23060,False
23061,False
23064,False
23065,False
23067,False
23072,False
23073,False
23076,False
23077,False
23078,False
23081,False
23089,False
23090,False
23091,False
23092,False
23093,False
23094,False
23095,False
23096,False
23097,False
23098,False
23100,False
23107,False
23112,False
23116,False
23117,False
23126,False
23127,False
23128,False
23135,False
23137,False
23138,False
23144,False
23146,False
23147,False
23150,False
23151,False
23153,False
23160,False
23167,False
23178,False
23179,False
23180,False
23185,False
23191,False
23192,False
23193,False
23253,False
23256,False
23257,False
23263,False
23268,False
23269,False
23271,False
23272,False
23274,False
23278,False
23279,False
23280,False
23281,False
23282,False
23284,False
23285,False
23288,False
23289,False
23290,False
23291,False
23292,False
23294,False
23297,False
23298,False
23321,False
23324,False
23325,False
23352,False
23361,False
23362,False
23363,False
23364,False
23365,False
23366,False
23368,False
23370,False
23372,False
23373,False
23376,False
23380,False
23381,False
23382,False
23383,False
23393,False
23394,False
23397,False
23399,False
23401,False
23402,False
23406,False
23408,False
23412,False
23416,False
23420,False
23422,False
23424,False
23425,False
23426,False
23427,False
23444,False
23449,False
23450,False
23451,False
23452,False
23453,False
23457,False
23462,False
23463,False
23470,False
23471,False
23473,False
23475,False
23482,False
23483,False
23488,False
23492,False
23493,False
23494,False
23495,False
23496,False
23503,False
23506,False
23510,False
23517,False
23520,False
23523,False
23528,False
23532,False
23535,False
23536,False
23537,False
23538,False
23555,False
23556,False
23557,False
23558,False
23569,False
23570,False
23574,False
23576,False
23577,False
23580,False
23583,False
23588,False
23593,False
23597,False
23598,False
23599,False
23601,False
23605,False
23607,False
23610,False
23612,False
23614,False
23618,False
23619,False
23633,False
23634,False
23640,False
23646,False
23647,False
23649,False
23659,False
23660,False
23661,False
23663,False
23664,False
23665,False
23667,False
23676,False
23677,False
23680,False
23681,False
23682,False
23685,False
23690,False
23693,False
23695,False
23697,False
23713,False
23715,False
23716,False
23721,False
23723,False
23730,False
23732,False
23736,False
23739,False
23740,False
23743,False
23744,False
23745,False
23747,False
23750,False
23753,False
23754,False
23756,False
23758,False
23760,False
23762,False
23764,False
23765,False
23766,False
23768,False
23769,False
23770,False
23774,False
23781,False
23788,False
23789,False
23792,False
23796,False
23798,False
23800,False
23801,False
23808,False
23809,False
23811,False
23813,False
23814,False
23815,False
23830,False
23834,False
23836,False
23838,False
23840,False
23842,False
23843,False
23844,False
23845,False
23848,False
23851,False
23853,False
23858,False
23860,False
23863,False
23864,False
23865,False
23866,False
23868,False
23872,False
23873,False
23874,False
23876,False
23877,False
23878,False
23879,False
23880,False
23882,False
23885,False
23886,False
23887,False
23888,False
23894,False
23895,False
23896,False
23899,False
23901,False
23903,False
23904,False
23905,False
23907,False
23908,False
23913,False
23914,False
23915,False
23919,False
23920,False
23927,False
23930,False
23931,False
23933,False
23934,False
23935,False
23943,False
23944,False
23945,False
23947,False
23948,False
23949,False
23953,False
23956,False
23959,False
23965,False
23966,False
23967,False
23976,False
23977,False
23981,False
23982,False
23983,False
23987,False
23997,False
23999,False
24000,False
24001,False
24003,False
24004,False
24005,False
24006,False
24007,False
24008,False
24011,False
24012,False
24018,False
24022,False
24024,False
24033,False
24036,False
24038,False
24040,False
24042,False
24044,False
24046,False
24047,False
24050,False
24053,False
24054,False
24056,False
24065,False
24066,False
24067,False
24073,False
24074,False
24075,False
24076,False
24079,False
24084,False
24085,False
24092,False
24094,False
24102,False
24103,False
24104,False
24106,False
24107,False
24108,False
24113,False
24118,False
24122,False
24125,False
24126,False
24128,False
24132,False
24136,False
24140,False
24148,False
24154,False
24155,False
24156,False
24157,False
24158,False
24159,False
24161,False
24166,False
24168,False
24176,False
24180,False
24190,False
24192,False
24193,False
24194,False
24195,False
24196,False
24197,False
24198,False
24201,False
24202,False
24204,False
24208,False
24209,False
24211,False
24212,False
24213,False
24224,False
24225,False
24233,False
24235,False
24237,False
24238,False
24242,False
24250,False
24252,False
24254,False
24255,False
24256,False
24259,False
24260,False
24263,False
24272,False
24273,False
24275,False
24276,False
24286,False
24288,False
24289,False
24290,False
24291,False
24293,False
24297,False
24299,False
24300,False
24301,False
24304,False
24307,False
24309,False
24310,False
24312,False
24323,False
24328,False
24331,False
24334,False
24336,False
24337,False
24338,False
24339,False
24342,False
24343,False
24347,False
24349,False
24350,False
24351,False
24352,False
24353,False
24354,False
24359,False
24362,False
24372,False
24373,False
24374,False
24375,False
24380,False
24381,False
24382,False
24383,False
24389,False
24390,False
24397,False
24399,False
24405,False
24410,False
24411,False
24414,False
24418,False
24421,False
24422,False
24424,False
24427,False
24431,False
24434,False
24435,False
24437,False
24464,False
24467,False
24468,False
24470,False
24471,False
24477,False
24481,False
24482,False
24483,False
24485,False
24486,False
24487,False
24488,False
24491,False
24492,False
24493,False
24494,False
24495,False
24499,False
24502,False
24503,False
24504,False
24506,False
24507,False
24509,False
24515,False
24516,False
24518,False
24523,False
24524,False
24525,False
24526,False
24527,False
24528,False
24530,False
24534,False
24539,False
24548,False
24549,False
24550,False
24551,False
24552,False
24554,False
24557,False
24558,False
24561,False
24614,False
24615,False
24617,False
24621,False
24622,False
24623,False
24624,False
24625,False
24626,False
24627,False
24628,False
24629,False
24633,False
24635,False
24636,False
24639,False
24643,False
24647,False
24648,False
24649,False
24650,False
24674,False
24678,False
24682,False
24683,False
24687,False
24690,False
24706,False
24714,False
24716,False
24718,False
24721,False
24725,False
24729,False
24730,False
24731,False
24732,False
24733,False
24735,False
24736,False
24737,False
24739,False
24741,False
24743,False
24746,False
24748,False
24749,False
24751,False
24753,False
24755,False
24756,False
24760,False
24761,False
24765,False
24766,False
24767,False
24768,False
24771,False
24773,False
24775,False
24777,False
24778,False
24779,False
24780,False
24784,False
24785,False
24787,False
24789,False
24790,False
24793,False
24806,False
24812,False
24813,False
24815,False
24816,False
24817,False
24818,False
24820,False
24821,False
24822,False
24825,False
24829,False
24831,False
24834,False
24835,False
24837,False
24838,False
24841,False
24843,False
24844,False
24845,False
24847,False
24861,False
24862,False
24864,False
24865,False
24866,False
24868,False
24871,False
24875,False
24877,False
24879,False
24898,False
24900,False
24902,False
24904,False
24908,False
24913,False
24914,False
24915,False
24916,False
24917,False
24920,False
24922,False
24923,False
24925,False
24928,False
24929,False
24931,False
24942,False
24964,False
24965,False
24966,False
24967,False
24970,False
24974,False
24977,False
24979,False
24980,False
24981,False
24983,False
24986,False
24997,False
24998,False
24999,False
25002,False
25007,False
25008,False
25009,False
25012,False
25013,False
25015,False
25017,False
25018,False
25022,False
25026,False
25027,False
25033,False
25035,False
25037,False
25038,False
25040,False
25041,False
25042,False
25046,False
25047,False
25048,False
25049,False
25051,False
25052,False
25053,False
25054,False
25076,False
25077,False
25078,False
25079,False
25080,False
25081,False
25084,False
25085,False
25087,False
25090,False
25091,False
25093,False
25096,False
25098,False
25100,False
25102,False
25104,False
25105,False
25113,False
25117,False
25121,False
25122,False
25126,False
25135,False
25138,False
25139,False
25140,False
25145,False
25148,False
25149,False
25150,False
25152,False
25153,False
25154,False
25158,False
25159,False
25162,False
25163,False
25164,False
25166,False
25167,False
25169,False
25174,False
25176,False
25179,False
25184,False
25186,False
25190,False
25191,False
25193,False
25194,False
25197,False
25200,False
25201,False
25203,False
25204,False
25206,False
25207,False
25208,False
25210,False
25211,False
25212,False
25213,False
25217,False
25218,False
25219,False
25220,False
25221,False
25223,False
25224,False
25225,False
25227,False
25230,False
25232,False
25235,False
25237,False
25240,False
25243,False
25247,False
25248,False
25249,False
25251,False
25255,False
25256,False
25257,False
25258,False
25268,False
25269,False
25274,False
25275,False
25276,False
25278,False
25279,False
25282,False
25283,False
25284,False
25287,False
25288,False
25289,False
25292,False
25293,False
25297,False
25298,False
25302,False
25304,False
25307,False
25343,False
25354,False
25357,False
25360,False
25362,False
25363,False
25368,False
25370,False
25371,False
25372,False
25374,False
25375,False
25379,False
25391,False
25392,False
25395,False
25397,False
25398,False
25400,False
25402,False
25403,False
25406,False
25422,False
25424,False
25426,False
25430,False
25431,False
25432,False
25435,False
25441,False
25442,False
25444,False
25449,False
25452,False
25456,False
25458,False
25463,False
25466,False
25468,False
25469,False
25470,False
25474,False
25475,False
25476,False
25477,False
25480,False
25482,False
25483,False
25485,False
25488,False
25493,False
25496,False
25497,False
25500,False
25501,False
25504,False
25505,False
25507,False
25513,False
25514,False
25517,False
25519,False
25520,False
25522,False
25525,False
25528,False
25529,False
25531,False
25532,False
25533,False
25534,False
25535,False
25536,False
25542,False
25543,False
25545,False
25549,False
25551,False
25553,False
25554,False
25556,False
25557,False
25558,False
25559,False
25561,False
25563,False
25564,False
25565,False
25566,False
25568,False
25570,False
25574,False
25578,False
25580,False
25581,False
25585,False
25589,False
25591,False
25593,False
25597,False
25599,False
25601,False
25602,False
25605,False
25607,False
25608,False
25610,False
25613,False
25614,False
25616,False
25617,False
25618,False
25620,False
25622,False
25623,False
25631,False
25632,False
25634,False
25637,False
25638,False
25646,False
25649,False
25651,False
25652,False
25655,False
25656,False
25661,False
25664,False
25667,False
25670,False
25674,False
25675,False
25676,False
25679,False
25681,False
25683,False
25685,False
25686,False
25687,False
25692,False
25698,False
25699,False
25700,False
25701,False
25703,False
25705,False
25706,False
25710,False
25716,False
25718,False
25719,False
25720,False
25724,False
25730,False
25734,False
25735,False
25737,False
25738,False
25740,False
25744,False
25745,False
25747,False
25748,False
25749,False
25755,False
25757,False
25772,False
25773,False
25775,False
25776,False
25777,False
25780,False
25785,False
25791,False
25792,False
25800,False
25801,False
25802,False
25806,False
25807,False
25810,False
25837,False
25839,False
25840,False
25843,False
25846,False
25847,False
25849,False
25851,False
25852,False
25858,False
25860,False
25861,False
25864,False
25866,False
25867,False
25868,False
25870,False
25871,False
25873,False
25874,False
25879,False
25891,False
25892,False
25894,False
25895,False
25896,False
25897,False
25898,False
25900,False
25902,False
25904,False
25907,False
25908,False
25911,False
25913,False
25914,False
25922,False
25923,False
25925,False
25927,False
25928,False
25932,False
25934,False
25937,False
25938,False
25939,False
25940,False
25944,False
25947,False
25948,False
25950,False
25954,False
25957,False
25963,False
25966,False
25969,False
25971,False
25972,False
25975,False
25977,False
25981,False
25987,False
25988,False
25992,False
25993,False
25994,False
25996,False
25999,False
26001,False
26004,False
26005,False
26006,False
26008,False
26010,False
26012,False
26015,False
26017,False
26019,False
26020,False
26024,False
26029,False
26030,False
26033,False
26035,False
26037,False
26038,False
26039,False
26040,False
26044,False
26045,False
26046,False
26050,False
26058,False
26060,False
26063,False
26082,False
26083,False
26085,False
26086,False
26090,False
26094,False
26097,False
26098,False
26105,False
26106,False
26107,False
26108,False
26115,False
26116,False
26119,False
26122,False
26124,False
26126,False
26128,False
26132,False
26134,False
26137,False
26139,False
26140,False
26142,False
26144,False
26146,False
26147,False
26150,False
26151,False
26156,False
26159,False
26161,False
26167,False
26168,False
26171,False
26177,False
26179,False
26184,False
26187,False
26189,False
26195,False
26197,False
26199,False
26200,False
26203,False
26206,False
26207,False
26208,False
26209,False
26211,False
26212,False
26213,False
26214,False
26229,False
26231,False
26233,False
26234,False
26239,False
26242,False
26245,False
26252,False
26254,False
26256,False
26259,False
26260,False
26261,False
26263,False
26264,False
26265,False
26267,False
26271,False
26272,False
26273,False
26274,False
26283,False
26284,False
26286,False
26289,False
26290,False
26292,False
26293,False
26294,False
26295,False
26296,False
26297,False
26300,False
26302,False
26306,False
26307,False
26310,False
26311,False
26313,False
26317,False
26322,False
26326,False
26328,False
26331,False
26332,False
26334,False
26338,False
26341,False
26343,False
26345,False
26348,False
26349,False
26350,False
26351,False
26356,False
26358,False
26361,False
26394,False
26397,False
26398,False
26400,False
26401,False
26403,False
26404,False
26405,False
26422,False
26425,False
26431,False
26432,False
26440,False
26448,False
26450,False
26452,False
26453,False
26454,False
26455,False
26456,False
26457,False
26461,False
26462,False
26466,False
26470,False
26474,False
26475,False
26476,False
26478,False
26479,False
26480,False
26482,False
26484,False
26487,False
26488,False
26489,False
26490,False
26493,False
26494,False
26496,False
26497,False
26500,False
26505,False
26510,False
26512,False
26514,False
26515,False
26516,False
26517,False
26520,False
26521,False
26523,False
26524,False
26529,False
26533,False
26537,False
26540,False
26542,False
26543,False
26547,False
26551,False
26556,False
26558,False
26561,False
26562,False
26567,False
26569,False
26572,False
26574,False
26575,False
26576,False
26580,False
26583,False
26585,False
26586,False
26601,False
26603,False
26605,False
26608,False
26610,False
26617,False
26624,False
26625,False
26626,False
26628,False
26630,False
26631,False
26632,False
26635,False
26637,False
26638,False
26640,False
26641,False
26643,False
26646,False
26647,False
26651,False
26654,False
26655,False
26659,False
26665,False
26666,False
26668,False
26669,False
26672,False
26678,False
26682,False
26684,False
26687,False
26688,False
26694,False
26697,False
26701,False
26703,False
26708,False
26722,False
26730,False
26731,False
26735,False
26736,False
26737,False
26741,False
26743,False
26744,False
26745,False
26746,False
26755,False
26758,False
26761,False
26763,False
26767,False
26771,False
26774,False
26776,False
26777,False
26778,False
26780,False
26782,False
26783,False
26786,False
26787,False
26791,False
26793,False
26797,False
26799,False
26800,False
26801,False
26808,False
26811,False
26813,False
26814,False
26815,False
26816,False
26818,False
26820,False
26822,False
26823,False
26827,False
26828,False
26836,False
26838,False
26840,False
26841,False
26844,False
26846,False
26882,False
26884,False
26885,False
26893,False
26900,False
26903,False
26905,False
26906,False
26907,False
26908,False
26910,False
26916,False
26919,False
26920,False
26923,False
26925,False
26935,False
26937,False
26940,False
26941,False
26942,False
26945,False
26948,False
26949,False
26964,False
26966,False
26970,False
26976,False
26979,False
26980,False
26982,False
26983,False
26984,False
26985,False
26987,False
26989,False
26990,False
26993,False
26994,False
26995,False
26996,False
26997,False
26999,False
27003,False
27004,False
27006,False
27011,False
27016,False
27040,False
27041,False
27043,False
27044,False
27045,False
27046,False
27051,False
27052,False
27054,False
27055,False
27056,False
27057,False
27058,False
27062,False
27066,False
27067,False
27069,False
27070,False
27074,False
27075,False
27076,False
27081,False
27082,False
27083,False
27084,False
27091,False
27094,False
27101,False
27108,False
27109,False
27116,False
27120,False
27121,False
27123,False
27128,False
27136,False
27140,False
27141,False
27143,False
27144,False
27150,False
27151,False
27152,False
27155,False
27156,False
27157,False
27158,False
27159,False
27160,False
27163,False
27167,False
27168,False
27171,False
27173,False
27174,False
27183,False
27185,False
27186,False
27189,False
27191,False
27193,False
27194,False
27195,False
27197,False
27200,False
27206,False
27207,False
27210,False
27211,False
27213,False
27216,False
27220,False
27225,False
27226,False
27227,False
27230,False
27232,False
27235,False
27236,False
27238,False
27241,False
27244,False
27245,False
27256,False
27257,False
27260,False
27261,False
27264,False
27265,False
27268,False
27269,False
27270,False
27272,False
27273,False
27274,False
27276,False
27277,False
27284,False
27287,False
27290,False
27292,False
27294,False
27295,False
27297,False
27299,False
27300,False
27302,False
27303,False
27305,False
27306,False
27307,False
27308,False
27309,False
27311,False
27313,False
27314,False
27315,False
27316,False
27318,False
27319,False
27321,False
27323,False
27324,False
27325,False
27326,False
27328,False
27329,False
27330,False
27332,False
27339,False
27340,False
27345,False
27346,False
27347,False
27348,False
27351,False
27353,False
27354,False
27356,False
27357,False
27358,False
27362,False
27365,False
27368,False
27369,False
27370,False
27371,False
27375,False
27377,False
27379,False
27380,False
27381,False
27383,False
27384,False
27387,False
27389,False
27391,False
27393,False
27394,False
27396,False
27397,False
27398,False
27401,False
27403,False
27405,False
27406,False
27407,False
27408,False
27410,False
27413,False
27415,False
27419,False
27423,False
27424,False
27427,False
27429,False
27435,False
27439,False
27443,False
27446,False
27449,False
27451,False
27452,False
27453,False
27454,False
27459,False
27462,False
27464,False
27465,False
27467,False
27468,False
27469,False
27472,False
27474,False
27476,False
27477,False
27478,False
27479,False
27484,False
27486,False
27487,False
27490,False
27491,False
27492,False
27495,False
27499,False
27500,False
27503,False
27504,False
27507,False
27509,False
27514,False
27515,False
27516,False
27534,False
27536,False
27537,False
27538,False
27539,False
27541,False
27543,False
27546,False
27547,False
27548,False
27549,False
27561,False
27563,False
27565,False
27566,False
27567,False
27569,False
27570,False
27571,False
27574,False
27575,False
27577,False
27593,False
27594,False
27596,False
27598,False
27599,False
27600,False
27604,False
27605,False
27618,False
27620,False
27623,False
27635,False
27638,False
27639,False
27640,False
27648,False
27656,False
27660,False
27661,False
27662,False
27672,False
27674,False
27681,False
27686,False
27689,False
27691,False
27694,False
27696,False
27698,False
27699,False
27702,False
27703,False
27705,False
27706,False
27709,False
27711,False
27712,False
27713,False
27714,False
27715,False
27716,False
27720,False
27721,False
27722,False
27723,False
27724,False
27725,False
27726,False
27727,False
27728,False
27743,False
27754,False
27756,False
27761,False
27768,False
27772,False
27773,False
27776,False
27777,False
27779,False
27782,False
27785,False
27790,False
27792,False
27793,False
27795,False
27799,False
27800,False
27801,False
27802,False
27803,False
27804,False
27807,False
27808,False
27811,False
27816,False
27852,False
27854,False
27857,False
27858,False
27859,False
27861,False
27863,False
27864,False
27869,False
27870,False
27871,False
27873,False
27877,False
27878,False
27881,False
27885,False
27886,False
27887,False
27888,False
27890,False
27891,False
27893,False
27897,False
27898,False
27900,False
27901,False
27904,False
27905,False
27908,False
27909,False
27910,False
27915,False
27917,False
27918,False
27920,False
27921,False
27923,False
27926,False
27927,False
27928,False
27929,False
27934,False
27935,False
27942,False
27944,False
27946,False
27950,False
27951,False
27954,False
27955,False
27957,False
27960,False
27963,False
27965,False
27970,False
27975,False
27977,False
27978,False
27979,False
27985,False
27986,False
27987,False
27989,False
27990,False
27991,False
27992,False
27996,False
27997,False
27999,False
28003,False
28005,False
28006,False
28008,False
28011,False
28012,False
28014,False
28015,False
28017,False
28020,False
28025,False
28031,False
28032,False
28040,False
28047,False
28048,False
28049,False
28051,False
28052,False
28053,False
28063,False
28065,False
28071,False
28072,False
28073,False
28074,False
28075,False
28078,False
28079,False
28080,False
28083,False
28085,False
28088,False
28091,False
28093,False
28096,False
28097,False
28099,False
28100,False
28103,False
28104,False
28105,False
28106,False
28112,False
28113,False
28115,False
28118,False
28119,False
28120,False
28129,False
28130,False
28136,False
28139,False
28141,False
28143,False
28144,False
28145,False
28146,False
28149,False
28150,False
28151,False
28155,False
28156,False
28162,False
28166,False
28169,False
28174,False
28179,False
28180,False
28182,False
28186,False
28187,False
28188,False
28189,False
28190,False
28193,False
28195,False
28198,False
28215,False
28216,False
28220,False
28222,False
28223,False
28227,False
28228,False
28229,False
28231,False
28232,False
28235,False
28238,False
28247,False
28251,False
28252,False
28259,False
28260,False
28262,False
28263,False
28265,False
28266,False
28268,False
28269,False
28270,False
28271,False
28272,False
28279,False
28282,False
28286,False
28288,False
28291,False
28292,False
28293,False
28294,False
28295,False
28297,False
28299,False
28300,False
28301,False
28304,False
28307,False
28310,False
28312,False
28313,False
28315,False
28316,False
28321,False
28322,False
28324,False
28328,False
28331,False
28332,False
28333,False
28334,False
28336,False
28337,False
28339,False
28340,False
28341,False
28346,False
28347,False
28349,False
28350,False
28352,False
28353,False
28355,False
28357,False
28360,False
28363,False
28365,False
28366,False
28368,False
28372,False
28375,False
28383,False
28385,False
28389,False
28390,False
28393,False
28394,False
28396,False
28398,False
28399,False
28400,False
28401,False
28404,False
28405,False
28409,False
28410,False
28414,False
28416,False
28418,False
28421,False
28422,False
28423,False
28424,False
28425,False
28430,False
28431,False
28433,False
28440,False
28441,False
28444,False
28445,False
28450,False
28453,False
28454,False
28458,False
28459,False
28465,False
28467,False
28469,False
28470,False
28476,False
28479,False
28485,False
28486,False
28487,False
28492,False
28501,False
28506,False
28507,False
28508,False
28513,False
28515,False
28517,False
28520,False
28521,False
28531,False
28532,False
28533,False
28535,False
28536,False
28538,False
28541,False
28542,False
28543,False
28545,False
28555,False
28556,False
28557,False
28559,False
28562,False
28563,False
28566,False
28567,False
28568,False
28569,False
28571,False
28573,False
28578,False
28580,False
28581,False
28583,False
28587,False
28589,False
28590,False
28596,False
28600,False
28605,False
28607,False
28608,False
28610,False
28611,False
28614,False
28617,False
28618,False
28622,False
28623,False
28625,False
28627,False
28628,False
28632,False
28633,False
28634,False
28637,False
28639,False
28643,False
28646,False
28648,False
28650,False
28651,False
28652,False
28653,False
28654,False
28658,False
28661,False
28663,False
28664,False
28666,False
28667,False
28669,False
28671,False
28672,False
28683,False
28684,False
28685,False
28686,False
28689,False
28690,False
28694,False
28695,False
28696,False
28698,False
28703,False
28704,False
28706,False
28707,False
28709,False
28710,False
28712,False
28715,False
28718,False
28724,False
28725,False
28727,False
28729,False
28730,False
28734,False
28736,False
28741,False
28742,False
28744,False
28745,False
28748,False
28749,False
28752,False
28754,False
28757,False
28759,False
28761,False
28762,False
28764,False
28767,False
28771,False
28773,False
28793,False
28794,False
28795,False
28797,False
28798,False
28799,False
28801,False
28804,False
28806,False
28807,False
28809,False
28813,False
28814,False
28816,False
28817,False
28818,False
28821,False
28823,False
28824,False
28830,False
28833,False
28834,False
28835,False
28845,False
28847,False
28850,False
28851,False
28852,False
28856,False
28859,False
28860,False
28867,False
28868,False
28869,False
28870,False
28872,False
28884,False
28886,False
28888,False
28890,False
28891,False
28893,False
28897,False
28900,False
28902,False
28903,False
28904,False
28905,False
28908,False
28909,False
28910,False
28915,False
28916,False
28917,False
28919,False
28924,False
28928,False
28932,False
28933,False
28936,False
28942,False
28945,False
28952,False
28956,False
28957,False
28959,False
28966,False
28969,False
28985,False
28988,False
28991,False
28994,False
28996,False
28997,False
28999,False
29000,False
29002,False
29004,False
29010,False
29011,False
29012,False
29013,False
29014,False
29016,False
29019,False
29021,False
29023,False
29024,False
29026,False
29027,False
29029,False
29030,False
29031,False
29034,False
29035,False
29038,False
29039,False
29042,False
29043,False
29046,False
29050,False
29053,False
29055,False
29056,False
29082,False
29083,False
29086,False
29116,False
29121,False
29122,False
29124,False
29127,False
29128,False
29129,False
29132,False
29134,False
29143,False
29147,False
29150,False
29151,False
29154,False
29156,False
29158,False
29159,False
29162,False
29163,False
29177,False
29178,False
29180,False
29184,False
29186,False
29187,False
29191,False
29192,False
29193,False
29194,False
29197,False
29201,False
29203,False
29204,False
29212,False
29216,False
29219,False
29222,False
29223,False
29225,False
29228,False
29231,False
29233,False
29234,False
29235,False
29236,False
29237,False
29241,False
29243,False
29246,False
29251,False
29253,False
29255,False
29258,False
29259,False
29260,False
29269,False
29270,False
29271,False
29272,False
29274,False
29276,False
29278,False
29282,False
29285,False
29289,False
29290,False
29292,False
29293,False
29295,False
29299,False
29301,False
29304,False
29305,False
29306,False
29307,False
29308,False
29309,False
29310,False
29311,False
29313,False
29314,False
29321,False
29323,False
29327,False
29328,False
29334,False
29339,False
29341,False
29342,False
29357,False
29359,False
29360,False
29363,False
29367,False
29368,False
29370,False
29376,False
29379,False
29380,False
29383,False
29386,False
29390,False
29392,False
29399,False
29401,False
29403,False
29406,False
29407,False
29418,False
29420,False
29421,False
29423,False
29424,False
29425,False
29451,False
29452,False
29453,False
29456,False
29459,False
29461,False
29462,False
29463,False
29464,False
29465,False
29467,False
29474,False
29476,False
29478,False
29479,False
29481,False
29482,False
29483,False
29486,False
29492,False
29493,False
29497,False
29498,False
29522,False
29525,False
29526,False
29527,False
29528,False
29529,False
29530,False
29531,False
29533,False
29534,False
29535,False
29536,False
29538,False
29541,False
29542,False
29543,False
29545,False
29547,False
29552,False
29561,False
29562,False
29568,False
29569,False
29570,False
29571,False
29573,False
29582,False
29605,False
29607,False
29609,False
29610,False
29611,False
29615,False
29618,False
29621,False
29623,False
29625,False
29630,False
29631,False
29633,False
29637,False
29638,False
29639,False
29641,False
29642,False
29643,False
29645,False
29647,False
29650,False
29666,False
29668,False
29670,False
29672,False
29674,False
29676,False
29677,False
29678,False
29679,False
29680,False
29683,False
29685,False
29687,False
29688,False
29693,False
29694,False
29695,False
29697,False
29700,False
29701,False
29702,False
29708,False
29714,False
29715,False
29723,False
29725,False
29726,False
29728,False
29729,False
29731,False
29732,False
29736,False
29737,False
29740,False
29741,False
29744,False
29745,False
29753,False
29755,False
29757,False
29760,False
29762,False
29766,False
29767,False
29768,False
29772,False
29773,False
29788,False
29789,False
29790,False
29791,False
29794,False
29795,False
29798,False
29800,False
29802,False
29803,False
29806,False
29808,False
29835,False
29836,False
29841,False
29842,False
29843,False
29845,False
29847,False
29848,False
29849,False
29850,False
29852,False
29855,False
29857,False
29858,False
29859,False
29860,False
29863,False
29864,False
29869,False
29870,False
29874,False
29875,False
29877,False
29879,False
29880,False
29888,False
29895,False
29896,False
29897,False
29898,False
29917,False
29918,False
29920,False
29922,False
29923,False
29926,False
29928,False
29929,False
29936,False
29937,False
29938,False
29939,False
29940,False
29941,False
29948,False
29953,False
29954,False
29955,False
29956,False
29958,False
29962,False
29965,False
29966,False
29967,False
29969,False
29973,False
29975,False
29977,False
29978,False
29982,False
29983,False
29984,False
29985,False
29986,False
29989,False
29990,False
29991,False
29995,False
29997,False
29998,False
30000,False
30008,False
30020,False
30024,False
30026,False
30027,False
30028,False
30030,False
30031,False
30035,False
30038,False
30040,False
30041,False
30043,False
30044,False
30046,False
30048,False
30049,False
30051,False
30052,False
30053,False
30054,False
30056,False
30060,False
30062,False
30064,False
30066,False
30067,False
30070,False
30073,False
30075,False
30080,False
30082,False
30086,False
30091,False
30092,False
30093,False
30097,False
30098,False
30099,False
30101,False
30103,False
30106,False
30107,False
30108,False
30113,False
30115,False
30124,False
30129,False
30130,False
30131,False
30135,False
30136,False
30137,False
30139,False
30141,False
30145,False
30151,False
30153,False
30159,False
30160,False
30163,False
30164,False
30166,False
30167,False
30168,False
30170,False
30175,False
30178,False
30181,False
30182,False
30186,False
30203,False
30204,False
30205,False
30207,False
30210,False
30211,False
30215,False
30225,False
30226,False
30229,False
30232,False
30233,False
30235,False
30236,False
30237,False
30239,False
30240,False
30242,False
30243,False
30244,False
30245,False
30249,False
30252,False
30254,False
30257,False
30258,False
30259,False
30263,False
30264,False
30265,False
30266,False
30267,False
30270,False
30272,False
30273,False
30278,False
30280,False
30281,False
30282,False
30284,False
30285,False
30291,False
30292,False
30293,False
30294,False
30295,False
30296,False
30297,False
30299,False
30301,False
30302,False
30304,False
30307,False
30308,False
30310,False
30314,False
30315,False
30318,False
30319,False
30320,False
30321,False
30322,False
30374,False
30378,False
30380,False
30381,False
30389,False
30393,False
30394,False
30395,False
30396,False
30401,False
30404,False
30407,False
30408,False
30410,False
30412,False
30413,False
30414,False
30419,False
30420,False
30421,False
30422,False
30424,False
30425,False
30426,False
30437,False
30440,False
30441,False
30443,False
30444,False
30445,False
30446,False
30457,False
30459,False
30460,False
30462,False
30463,False
30488,False
30495,False
30497,False
30500,False
30502,False
30503,False
30505,False
30508,False
30510,False
30512,False
30513,False
30517,False
30532,False
30536,False
30540,False
30542,False
30543,False
30544,False
30546,False
30547,False
30550,False
30552,False
30558,False
30564,False
30568,False
30577,False
30578,False
30588,False
30589,False
30591,False
30594,False
30596,False
30598,False
30603,False
30612,False
30618,False
30620,False
30621,False
30623,False
30624,False
30631,False
30632,False
30634,False
30635,False
30636,False
30638,False
30641,False
30649,False
30656,False
30658,False
30659,False
30662,False
30670,False
30673,False
30674,False
30675,False
30682,False
30683,False
30698,False
30699,False
30701,False
30702,False
30708,False
30709,False
30710,False
30714,False
30715,False
30717,False
30720,False
30724,False
30727,False
30729,False
30733,False
30735,False
30737,False
30745,False
30750,False
30754,False
30758,False
30759,False
30761,False
30763,False
30765,False
30767,False
30770,False
30773,False
30782,False
30784,False
30787,False
30788,False
30789,False
30792,False
30809,False
30810,False
30813,False
30814,False
30816,False
30817,False
30818,False
30820,False
30821,False
30822,False
30823,False
30824,False
30826,False
30829,False
30830,False
30831,False
30832,False
30834,False
30845,False
30846,False
30847,False
30852,False
30855,False
30861,False
30864,False
30867,False
30868,False
30871,False
30872,False
30886,False
30887,False
30889,False
30890,False
30892,False
30893,False
30894,False
30898,False
30903,False
30928,False
30932,False
30933,False
30936,False
30938,False
30941,False
30942,False
30943,False
30944,False
30948,False
30951,False
30953,False
30957,False
30959,False
30960,False
30962,False
30965,False
30967,False
30971,False
30973,False
30979,False
30981,False
30982,False
30985,False
30988,False
30990,False
30991,False
30994,False
30995,False
30996,False
30998,False
30999,False
31001,False
31005,False
31006,False
31008,False
31009,False
31010,False
31011,False
31012,False
31014,False
31017,False
31020,False
31021,False
31023,False
31028,False
31029,False
31030,False
31032,False
31034,False
31035,False
31038,False
31046,False
31047,False
31048,False
31050,False
31055,False
31056,False
31057,False
31062,False
31065,False
31067,False
31068,False
31075,False
31076,False
31077,False
31079,False
31082,False
31083,False
31084,False
31085,False
31086,False
31088,False
31089,False
31092,False
31097,False
31098,False
31099,False
31100,False
31101,False
31104,False
31105,False
31108,False
31109,False
31110,False
31111,False
31114,False
31117,False
31119,False
31120,False
31122,False
31126,False
31128,False
31130,False
31134,False
31135,False
31139,False
31140,False
31141,False
31143,False
31145,False
31146,False
31149,False
31151,False
31154,False
31158,False
31159,False
31162,False
31163,False
31164,False
31166,False
31168,False
31171,False
31172,False
31178,False
31185,False
31188,False
31192,False
31195,False
31196,False
31201,False
31219,False
31223,False
31225,False
31227,False
31228,False
31230,False
31234,False
31235,False
31236,False
31239,False
31244,False
31246,False
31248,False
31249,False
31250,False
31251,False
31258,False
31259,False
31266,False
31270,False
31272,False
31274,False
31278,False
31281,False
31282,False
31288,False
31290,False
31292,False
31293,False
31294,False
31299,False
31300,False
31303,False
31305,False
31310,False
31311,False
31312,False
31313,False
31319,False
31323,False
31326,False
31327,False
31330,False
31331,False
31332,False
31337,False
31338,False
31340,False
31344,False
31346,False
31347,False
31349,False
31351,False
31354,False
31357,False
31358,False
31359,False
31360,False
31362,False
31363,False
31366,False
31376,False
31378,False
31381,False
31382,False
31386,False
31387,False
31389,False
31392,False
31395,False
31397,False
31400,False
31401,False
31402,False
31404,False
31408,False
31409,False
31412,False
31414,False
31415,False
31416,False
31419,False
31421,False
31425,False
31426,False
31430,False
31432,False
31435,False
31436,False
31441,False
31443,False
31446,False
31447,False
31451,False
31453,False
31454,False
31455,False
31457,False
31458,False
31459,False
31460,False
31463,False
31464,False
31468,False
31469,False
31470,False
31472,False
31485,False
31486,False
31487,False
31488,False
31491,False
31494,False
31497,False
31498,False
31500,False
31502,False
31506,False
31509,False
31512,False
31513,False
31514,False
31519,False
31520,False
31521,False
31522,False
31523,False
31526,False
31528,False
31532,False
31533,False
31537,False
31539,False
31546,False
31547,False
31550,False
31552,False
31554,False
31561,False
31563,False
31567,False
31573,False
31577,False
31581,False
31582,False
31583,False
31587,False
31588,False
31593,False
31595,False
31598,False
31604,False
31605,False
31606,False
31608,False
31610,False
31611,False
31614,False
31615,False
31616,False
31617,False
31618,False
31619,False
31620,False
31629,False
31632,False
31636,False
31637,False
31638,False
31640,False
31641,False
31647,False
31651,False
31653,False
31657,False
31660,False
31664,False
31665,False
31667,False
31669,False
31673,False
31674,False
31676,False
31677,False
31679,False
31682,False
31684,False
31687,False
31688,False
31689,False
31691,False
31694,False
31695,False
31697,False
31700,False
31701,False
31703,False
31704,False
31710,False
31712,False
31713,False
31714,False
31715,False
31716,False
31717,False
31718,False
31720,False
31721,False
31722,False
31726,False
31727,False
31728,False
31734,False
31736,False
31737,False
31738,False
31740,False
31741,False
31743,False
31747,False
31751,False
31753,False
31754,False
31757,False
31758,False
31761,False
31763,False
31765,False
31771,False
31772,False
31773,False
31774,False
31779,False
31786,False
31790,False
31792,False
31793,False
31795,False
31797,False
31798,False
31801,False
31802,False
31803,False
31808,False
31809,False
31810,False
31811,False
31816,False
31817,False
31819,False
31824,False
31825,False
31830,False
31831,False
31834,False
31838,False
31839,False
31843,False
31847,False
31848,False
31869,False
31876,False
31878,False
31879,False
31882,False
31886,False
31889,False
31890,False
31893,False
31894,False
31895,False
31897,False
31898,False
31902,False
31904,False
31906,False
31913,False
31914,False
31917,False
31921,False
31924,False
31929,False
31930,False
31933,False
31946,False
31948,False
31949,False
31950,False
31952,False
31954,False
31957,False
31959,False
31960,False
31961,False
31962,False
31964,False
31965,False
31969,False
31971,False
31973,False
31980,False
31982,False
31984,False
31989,False
31992,False
31998,False
32002,False
32003,False
32006,False
32007,False
32011,False
32012,False
32014,False
32015,False
32016,False
32020,False
32023,False
32024,False
32025,False
32027,False
32029,False
32032,False
32033,False
32034,False
32036,False
32039,False
32040,False
32041,False
32048,False
32051,False
32052,False
32055,False
32061,False
32064,False
32066,False
32067,False
32069,False
32079,False
32080,False
32081,False
32084,False
32087,False
32088,False
32090,False
32092,False
32094,False
32096,False
32097,False
32099,False
32100,False
32110,False
32114,False
32115,False
32116,False
32122,False
32123,False
32127,False
32128,False
32130,False
32132,False
32133,False
32135,False
32136,False
32137,False
32140,False
32155,False
32158,False
32160,False
32162,False
32163,False
32165,False
32167,False
32170,False
32171,False
32172,False
32174,False
32178,False
32182,False
32185,False
32186,False
32191,False
32193,False
32196,False
32197,False
32202,False
32210,False
32212,False
32213,False
32215,False
32216,False
32217,False
32218,False
32220,False
32222,False
32223,False
32226,False
32230,False
32232,False
32233,False
32234,False
32235,False
32236,False
32237,False
32239,False
32242,False
32243,False
32247,False
32250,False
32252,False
32254,False
32258,False
32259,False
32263,False
32264,False
32267,False
32268,False
32270,False
32273,False
32278,False
32283,False
32284,False
32285,False
32288,False
32289,False
32291,False
32293,False
32297,False
32304,False
32305,False
32306,False
32307,False
32313,False
32314,False
32317,False
32319,False
32321,False
32322,False
32326,False
32327,False
32331,False
32332,False
32333,False
32334,False
32335,False
32339,False
32340,False
32342,False
32343,False
32345,False
32347,False
32358,False
32361,False
32362,False
32363,False
32364,False
32365,False
32366,False
32367,False
32369,False
32370,False
32371,False
32373,False
32377,False
32378,False
32379,False
32380,False
32381,False
32384,False
32387,False
32388,False
32390,False
32391,False
32393,False
32395,False
32396,False
32398,False
32401,False
32402,False
32403,False
32404,False
32407,False
32409,False
32410,False
32411,False
32412,False
32414,False
32416,False
32417,False
32418,False
32419,False
32421,False
32423,False
32425,False
32426,False
32432,False
32436,False
32437,False
32439,False
32440,False
32441,False
32447,False
32449,False
32451,False
32455,False
32458,False
32463,False
32464,False
32465,False
32468,False
32469,False
32470,False
32475,False
32477,False
32478,False
32479,False
32480,False
32483,False
32486,False
32487,False
32488,False
32492,False
32495,False
32496,False
32498,False
32500,False
32504,False
32507,False
32509,False
32510,False
32511,False
32512,False
32514,False
32515,False
32521,False
32522,False
32523,False
32524,False
32526,False
32527,False
32528,False
32544,False
32546,False
32549,False
32550,False
32555,False
32556,False
32559,False
32562,False
32565,False
32567,False
32571,False
32573,False
32574,False
32576,False
32579,False
32580,False
32583,False
32584,False
32585,False
32588,False
32589,False
32590,False
32592,False
32593,False
32597,False
32598,False
32601,False
32607,False
32608,False
32611,False
32612,False
32613,False
32615,False
32618,False
32619,False
32621,False
32624,False
32625,False
32630,False
32632,False
32634,False
32636,False
32637,False
32639,False
32641,False
32642,False
32643,False
32646,False
32647,False
32653,False
32654,False
32655,False
32658,False
32660,False
32661,False
32663,False
32675,False
32676,False
32677,False
32678,False
32680,False
32683,False
32684,False
32687,False
32689,False
32690,False
32691,False
32693,False
32696,False
32699,False
32701,False
32703,False
32704,False
32706,False
32707,False
32708,False
32709,False
32710,False
32711,False
32713,False
32714,False
32716,False
32717,False
32719,False
32722,False
32723,False
32725,False
32727,False
32728,False
32730,False
32732,False
32733,False
32742,False
32745,False
32748,False
32749,False
32761,False
32764,False
32771,False
32775,False
32776,False
32777,False
32778,False
32781,False
32782,False
32783,False
32784,False
32788,False
32791,False
32793,False
32797,False
32803,False
32805,False
32807,False
32809,False
32811,False
32812,False
32814,False
32815,False
32816,False
32824,False
32829,False
32830,False
32837,False
32838,False
32839,False
32840,False
32842,False
32845,False
32846,False
32847,False
32850,False
32851,False
32856,False
32859,False
32862,False
32863,False
32864,False
32866,False
32870,False
32873,False
32874,False
32877,False
32878,False
32879,False
32883,False
32889,False
32893,False
32895,False
32901,False
32902,False
32903,False
32906,False
32908,False
32922,False
32923,False
32926,False
32929,False
32931,False
32933,False
32934,False
32935,False
32936,False
32939,False
32941,False
32943,False
32947,False
32952,False
32955,False
32957,False
32958,False
32959,False
32963,False
32967,False
32968,False
32971,False
32975,False
32977,False
32980,False
32981,False
32982,False
32983,False
32987,False
32988,False
32990,False
33001,False
33004,False
33005,False
33008,False
33011,False
33013,False
33014,False
33015,False
33016,False
33017,False
33020,False
33021,False
33022,False
33023,False
33027,False
33028,False
33029,False
33030,False
33032,False
33035,False
33036,False
33039,False
33041,False
33042,False
33044,False
33045,False
33048,False
33049,False
33050,False
33052,False
33054,False
33057,False
33059,False
33061,False
33063,False
33065,False
33067,False
33068,False
33069,False
33070,False
33071,False
33072,False
33075,False
33076,False
33079,False
33081,False
33084,False
33089,False
33090,False
33091,False
33103,False
33106,False
33110,False
33111,False
33112,False
33118,False
33123,False
33126,False
33127,False
33129,False
33131,False
33133,False
33136,False
33138,False
33144,False
33145,False
33146,False
33147,False
33148,False
33152,False
33153,False
33157,False
33160,False
33162,False
33164,False
33165,False
33167,False
33168,False
33169,False
33170,False
33171,False
33174,False
33175,False
33176,False
33177,False
33179,False
33182,False
33183,False
33185,False
33187,False
33189,False
33193,False
33194,False
33197,False
33200,False
33201,False
33202,False
33203,False
33205,False
33207,False
33210,False
33212,False
33213,False
33215,False
33216,False
33217,False
33220,False
33222,False
33223,False
33232,False
33233,False
33240,False
33244,False
33245,False
33247,False
33249,False
33250,False
33289,False
33292,False
33295,False
33296,False
33299,False
33304,False
33305,False
33306,False
33307,False
33324,False
33325,False
33329,False
33331,False
33346,False
33352,False
33364,False
33370,False
33371,False
33372,False
33373,False
33381,False
33382,False
33383,False
33386,False
33388,False
33389,False
33392,False
33394,False
33399,False
33400,False
33401,False
33404,False
33405,False
33406,False
33408,False
33409,False
33413,False
33416,False
33418,False
33419,False
33420,False
33422,False
33437,False
33438,False
33439,False
33441,False
33442,False
33444,False
33447,False
33448,False
33449,False
33450,False
33451,False
33452,False
33454,False
33456,False
33462,False
33463,False
33464,False
33466,False
33467,False
33468,False
33471,False
33475,False
33477,False
33480,False
33486,False
33490,False
33492,False
33493,False
33503,False
33504,False
33508,False
33510,False
33511,False
33512,False
33513,False
33533,False
33537,False
33538,False
33539,False
33546,False
33548,False
33550,False
33552,False
33553,False
33554,False
33559,False
33561,False
33562,False
33566,False
33569,False
33570,False
33591,False
33592,False
33596,False
33598,False
33603,False
33604,False
33605,False
33608,False
33609,False
33634,False
33637,False
33638,False
33640,False
33641,False
33642,False
33643,False
33644,False
33652,False
33653,False
33659,False
33662,False
33665,False
33669,False
33671,False
33672,False
33675,False
33679,False
33712,False
33713,False
33714,False
33716,False
33717,False
33718,False
33721,False
33722,False
33723,False
33724,False
33727,False
33729,False
33732,False
33735,False
33739,False
33740,False
33741,False
33743,False
33744,False
33750,False
33778,False
33780,False
33781,False
33783,False
33785,False
33786,False
33787,False
33788,False
33792,False
33802,False
33803,False
33806,False
33809,False
33810,False
33815,False
33817,False
33818,False
33821,False
33822,False
33824,False
33861,False
33865,False
33866,False
33868,False
33870,False
33872,False
33879,False
33881,False
33883,False
33885,False
33887,False
33888,False
33890,False
33892,False
33893,False
33898,False
33899,False
33903,False
33904,False
33906,False
33909,False
33912,False
33914,False
33915,False
33918,False
33919,False
33920,False
33921,False
33923,False
33924,False
33926,False
33927,False
33930,False
33931,False
33932,False
33933,False
33936,False
33937,False
33938,False
33939,False
33941,False
33943,False
33944,False
33945,False
33952,False
33955,False
33956,False
33959,False
33960,False
33962,False
33964,False
33969,False
33970,False
33973,False
33975,False
33980,False
33981,False
33982,False
33983,False
33985,False
33989,False
33992,False
33993,False
33996,False
33998,False
34000,False
34001,False
34007,False
34013,False
34016,False
34017,False
34019,False
34028,False
34033,False
34035,False
34036,False
34038,False
34044,False
34045,False
34047,False
34049,False
34052,False
34053,False
34054,False
34058,False
34059,False
34060,False
34061,False
34065,False
34066,False
34067,False
34069,False
34070,False
34077,False
34078,False
34079,False
34081,False
34084,False
34086,False
34087,False
34090,False
34092,False
34094,False
34095,False
34096,False
34099,False
34105,False
34106,False
34107,False
34108,False
34111,False
34112,False
34148,False
34149,False
34150,False
34151,False
34154,False
34155,False
34157,False
34161,False
34162,False
34163,False
34164,False
34167,False
34169,False
34171,False
34186,False
34187,False
34188,False
34191,False
34192,False
34193,False
34199,False
34205,False
34217,False
34219,False
34221,False
34222,False
34229,False
34230,False
34231,False
34232,False
34235,False
34237,False
34238,False
34239,False
34241,False
34242,False
34244,False
34245,False
34246,False
34247,False
34249,False
34250,False
34251,False
34252,False
34254,False
34256,False
34259,False
34261,False
34264,False
34266,False
34267,False
34272,False
34273,False
34280,False
34285,False
34287,False
34288,False
34290,False
34296,False
34298,False
34299,False
34301,False
34302,False
34303,False
34306,False
34307,False
34308,False
34310,False
34322,False
34324,False
34325,False
34326,False
34327,False
34328,False
34329,False
34330,False
34332,False
34333,False
34334,False
34335,False
34337,False
34342,False
34343,False
34345,False
34347,False
34349,False
34350,False
34352,False
34356,False
34359,False
34360,False
34361,False
34363,False
34365,False
34368,False
34371,False
34376,False
34377,False
34378,False
34379,False
34380,False
34382,False
34383,False
34384,False
34385,False
34389,False
34390,False
34391,False
34393,False
34394,False
34395,False
34397,False
34399,False
34409,False
34419,False
34423,False
34427,False
34432,False
34436,False
34438,False
34440,False
34443,False
34450,False
34451,False
34452,False
34456,False
34457,False
34459,False
34462,False
34469,False
34470,False
34471,False
34472,False
34478,False
34479,False
34480,False
34482,False
34485,False
34486,False
34491,False
34495,False
34501,False
34503,False
34505,False
34506,False
34507,False
34564,False
34565,False
34566,False
34569,False
34571,False
34574,False
34576,False
34579,False
34580,False
34581,False
34583,False
34584,False
34586,False
34589,False
34590,False
34592,False
34596,False
34601,False
34605,False
34606,False
34608,False
34609,False
34614,False
34615,False
34616,False
34619,False
34620,False
34623,False
34624,False
34626,False
34628,False
34629,False
34630,False
34636,False
34641,False
34642,False
34643,False
34649,False
34650,False
34651,False
34653,False
34654,False
34656,False
34657,False
34658,False
34659,False
34660,False
34662,False
34666,False
34667,False
34671,False
34673,False
34678,False
34679,False
34681,False
34683,False
34684,False
34686,False
34687,False
34688,False
34690,False
34691,False
34693,False
34699,False
34700,False
34701,False
34702,False
34703,False
34707,False
34709,False
34711,False
34712,False
34713,False
34715,False
34716,False
34718,False
34720,False
34721,False
34726,False
34729,False
34731,False
34733,False
34735,False
34739,False
34740,False
34743,False
34744,False
34745,False
34746,False
34747,False
34748,False
34749,False
34750,False
34751,False
34757,False
34759,False
34760,False
34761,False
34762,False
34766,False
34767,False
34770,False
34775,False
34776,False
34779,False
34780,False
34782,False
34783,False
34785,False
34788,False
34791,False
34792,False
34793,False
34795,False
34797,False
34798,False
34801,False
34821,False
34822,False
34823,False
34828,False
34830,False
34835,False
34838,False
34839,False
34840,False
34841,False
34843,False
34844,False
34845,False
34847,False
34849,False
34853,False
34855,False
34856,False
34858,False
34866,False
34868,False
34873,False
34875,False
34877,False
34878,False
34881,False
34882,False
34883,False
34885,False
34886,False
34887,False
34894,False
34898,False
34899,False
34900,False
34902,False
34904,False
34905,False
34906,False
34909,False
34911,False
34914,False
34915,False
34918,False
34938,False
34939,False
34943,False
34944,False
34945,False
34947,False
34961,False
34963,False
34964,False
34966,False
34967,False
34968,False
34971,False
34972,False
34978,False
34979,False
34987,False
34988,False
34990,False
34991,False
34993,False
34994,False
34995,False
34998,False
35001,False
35002,False
35004,False
35006,False
35007,False
35008,False
35009,False
35011,False
35012,False
35015,False
35017,False
35020,False
35025,False
35026,False
35027,False
35028,False
35034,False
35036,False
35042,False
35043,False
35069,False
35071,False
35072,False
35073,False
35086,False
35087,False
35089,False
35093,False
35096,False
35097,False
35102,False
35104,False
35106,False
35108,False
35109,False
35110,False
35113,False
35115,False
35119,False
35124,False
35125,False
35126,False
35127,False
35129,False
35131,False
35133,False
35134,False
35139,False
35142,False
35145,False
35148,False
35150,False
35151,False
35155,False
35156,False
35157,False
35158,False
35163,False
35164,False
35165,False
35169,False
35170,False
35171,False
35173,False
35176,False
35177,False
35178,False
35215,False
35216,False
35218,False
35219,False
35222,False
35224,False
35225,False
35226,False
35227,False
35231,False
35232,False
35237,False
35238,False
35242,False
35244,False
35245,False
35250,False
35253,False
35275,False
35300,False
35301,False
35303,False
35304,False
35306,False
35307,False
35308,False
35309,False
35313,False
35314,False
35316,False
35318,False
35320,False
35321,False
35322,False
35324,False
35326,False
35327,False
35328,False
35330,False
35331,False
35332,False
35334,False
35335,False
35336,False
35337,False
35338,False
35342,False
35345,False
35346,False
35348,False
35349,False
35352,False
35353,False
35355,False
35356,False
35357,False
35362,False
35363,False
35364,False
35367,False
35371,False
35373,False
35375,False
35377,False
35378,False
35379,False
35380,False
35383,False
35385,False
35387,False
35389,False
35393,False
35394,False
35396,False
35418,False
35420,False
35430,False
35436,False
35442,False
35447,False
35449,False
35452,False
35458,False
35459,False
35461,False
35462,False
35464,False
35474,False
35476,False
35478,False
35479,False
35480,False
35482,False
35483,False
35484,False
35487,False
35489,False
35490,False
35492,False
35493,False
35496,False
35497,False
35501,False
35503,False
35504,False
35505,False
35508,False
35511,False
35514,False
35522,False
35523,False
35525,False
35527,False
35529,False
35530,False
35534,False
35535,False
35536,False
35543,False
35548,False
35549,False
35552,False
35557,False
35565,False
35566,False
35569,False
35570,False
35571,False
35574,False
35577,False
35578,False
35579,False
35580,False
35581,False
35588,False
35590,False
35591,False
35593,False
35596,False
35598,False
35600,False
35614,False
35630,False
35633,False
35636,False
35637,False
35641,False
35642,False
35643,False
35644,False
35645,False
35646,False
35647,False
35648,False
35650,False
35651,False
35652,False
35653,False
35654,False
35656,False
35657,False
35660,False
35661,False
35662,False
35664,False
35666,False
35667,False
35670,False
35671,False
35675,False
35677,False
35681,False
35682,False
35685,False
35686,False
35688,False
35689,False
35690,False
35704,False
35706,False
35709,False
35711,False
35716,False
35717,False
35718,False
35720,False
35723,False
35725,False
35726,False
35727,False
35728,False
35736,False
35737,False
35738,False
35740,False
35741,False
35743,False
35746,False
35750,False
35753,False
35778,False
35780,False
35781,False
35783,False
35784,False
35785,False
35789,False
35792,False
35796,False
35798,False
35799,False
35800,False
35805,False
35809,False
35812,False
35815,False
35818,False
35819,False
35821,False
35823,False
35828,False
35829,False
35833,False
35834,False
35837,False
35845,False
35847,False
35848,False
35851,False
35858,False
35861,False
35864,False
35869,False
35873,False
35877,False
35878,False
35879,False
35883,False
35884,False
35887,False
35888,False
35890,False
35895,False
35897,False
35898,False
35899,False
35906,False
35909,False
35910,False
35911,False
35929,False
35970,False
35972,False
35973,False
35975,False
35979,False
35987,False
35990,False
35991,False
35992,False
35994,False
35996,False
35998,False
35999,False
36000,False
36002,False
36004,False
36025,False
36026,False
36028,False
36029,False
36030,False
36031,False
36032,False
36037,False
36039,False
36043,False
36046,False
36049,False
36050,False
36053,False
36056,False
36058,False
36060,False
36061,False
36062,False
36066,False
36068,False
36069,False
36070,False
36071,False
36075,False
36078,False
36079,False
36082,False
36084,False
36085,False
36086,False
36088,False
36089,False
36090,False
36098,False
36100,False
36104,False
36108,False
36111,False
36112,False
36113,False
36115,False
36116,False
36122,False
36127,False
36129,False
36132,False
36137,False
36138,False
36140,False
36147,False
36148,False
36149,False
36150,False
36152,False
36153,False
36154,False
36156,False
36157,False
36162,False
36165,False
36166,False
36170,False
36174,False
36194,False
36196,False
36202,False
36204,False
36205,False
36217,False
36218,False
36220,False
36221,False
36222,False
36224,False
36226,False
36228,False
36229,False
36230,False
36235,False
36240,False
36241,False
36242,False
36245,False
36246,False
36247,False
36248,False
36250,False
36252,False
36265,False
36266,False
36268,False
36273,False
36276,False
36278,False
36279,False
36294,False
36300,False
36306,False
36309,False
36310,False
36311,False
36316,False
36318,False
36319,False
36321,False
36322,False
36324,False
36326,False
36327,False
36328,False
36330,False
36333,False
36334,False
36335,False
36340,False
36342,False
36344,False
36346,False
36347,False
36351,False
36352,False
36354,False
36355,False
36356,False
36357,False
36358,False
36361,False
36364,False
36366,False
36375,False
36378,False
36379,False
36381,False
36386,False
36392,False
36393,False
36399,False
36400,False
36403,False
36404,False
36411,False
36414,False
36415,False
36416,False
36417,False
36418,False
36419,False
36420,False
36421,False
36425,False
36428,False
36430,False
36435,False
36437,False
36438,False
36439,False
36440,False
36443,False
36444,False
36446,False
36448,False
36449,False
36450,False
36453,False
36456,False
36458,False
36460,False
36467,False
36468,False
36476,False
36477,False
36478,False
36480,False
36481,False
36488,False
36489,False
36500,False
36502,False
36503,False
36507,False
36509,False
36514,False
36519,False
36520,False
36522,False
36524,False
36526,False
36527,False
36528,False
36535,False
36536,False
36537,False
36538,False
36539,False
36541,False
36544,False
36546,False
36548,False
36550,False
36554,False
36569,False
36570,False
36572,False
36577,False
36586,False
36591,False
36592,False
36594,False
36595,False
36602,False
36605,False
36607,False
36612,False
36614,False
36615,False
36618,False
36621,False
36622,False
36623,False
36627,False
36629,False
36631,False
36635,False
36637,False
36639,False
36640,False
36642,False
36643,False
36644,False
36647,False
36649,False
36651,False
36652,False
36653,False
36656,False
36659,False
36660,False
36661,False
36662,False
36664,False
36667,False
36668,False
36669,False
36671,False
36672,False
36674,False
36675,False
36676,False
36689,False
36691,False
36692,False
36693,False
36695,False
36696,False
36699,False
36704,False
36706,False
36707,False
36711,False
36713,False
36714,False
36715,False
36717,False
36722,False
36723,False
36727,False
36730,False
36731,False
36733,False
36734,False
36738,False
36740,False
36741,False
36745,False
36749,False
36752,False
36756,False
36757,False
36761,False
36763,False
36766,False
36771,False
36774,False
36775,False
36777,False
36785,False
36786,False
36788,False
36791,False
36792,False
36793,False
36795,False
36796,False
36798,False
36800,False
36809,False
36817,False
36821,False
36822,False
36824,False
36829,False
36831,False
36835,False
36837,False
36838,False
36840,False
36844,False
36846,False
36848,False
36850,False
36852,False
36853,False
36855,False
36856,False
36857,False
36860,False
36864,False
36865,False
36867,False
36869,False
36870,False
36871,False
36872,False
36874,False
36875,False
36877,False
36878,False
36882,False
36883,False
36895,False
36896,False
36897,False
36900,False
36901,False
36902,False
36903,False
36904,False
36907,False
36908,False
36913,False
36914,False
36915,False
36916,False
36917,False
36918,False
36919,False
36920,False
36921,False
36923,False
36924,False
36927,False
36928,False
36931,False
36932,False
36933,False
36937,False
36960,False
36961,False
36966,False
36967,False
36971,False
36973,False
36977,False
36978,False
36981,False
36982,False
36983,False
36984,False
36987,False
36991,False
36997,False
36999,False
37001,False
37003,False
37029,False
37030,False
37033,False
37037,False
37042,False
37043,False
37044,False
37045,False
37050,False
37055,False
37057,False
37058,False
37059,False
37061,False
37062,False
37068,False
37069,False
37075,False
37076,False
37079,False
37081,False
37082,False
37086,False
37087,False
37090,False
37091,False
37092,False
37093,False
37095,False
37097,False
37099,False
37102,False
37104,False
37107,False
37108,False
37109,False
37112,False
37121,False
37122,False
37125,False
37128,False
37129,False
37132,False
37135,False
37137,False
37139,False
37140,False
37142,False
37144,False
37147,False
37148,False
37153,False
37156,False
37162,False
37164,False
37165,False
37167,False
37168,False
37169,False
37170,False
37173,False
37176,False
37177,False
37178,False
37180,False
37181,False
37182,False
37183,False
37184,False
37187,False
37188,False
37190,False
37192,False
37193,False
37197,False
37199,False
37201,False
37202,False
37204,False
37205,False
37208,False
37209,False
37212,False
37215,False
37219,False
37220,False
37222,False
37223,False
37228,False
37231,False
37232,False
37233,False
37234,False
37236,False
37238,False
37241,False
37243,False
37244,False
37246,False
37247,False
37250,False
37251,False
37254,False
37260,False
37268,False
37269,False
37270,False
37275,False
37276,False
37277,False
37280,False
37281,False
37284,False
37294,False
37295,False
37298,False
37299,False
37301,False
37303,False
37306,False
37307,False
37310,False
37311,False
37312,False
37313,False
37314,False
37315,False
37319,False
37322,False
37325,False
37330,False
37332,False
37337,False
37340,False
37342,False
37344,False
37352,False
37354,False
37356,False
37357,False
37358,False
37360,False
37362,False
37363,False
37367,False
37370,False
37378,False
37379,False
37384,False
37385,False
37386,False
37387,False
37388,False
37390,False
37392,False
37397,False
37402,False
37403,False
37404,False
37406,False
37425,False
37426,False
37427,False
37428,False
37430,False
37478,False
37479,False
37483,False
37484,False
37486,False
37494,False
37495,False
37498,False
37499,False
37515,False
37516,False
37517,False
37523,False
37524,False
37527,False
37528,False
37529,False
37530,False
37532,False
37543,False
37546,False
37549,False
37552,False
37553,False
37554,False
37555,False
37560,False
37561,False
37562,False
37565,False
37566,False
37586,False
37587,False
37588,False
37589,False
37590,False
37591,False
37593,False
37594,False
37596,False
37597,False
37598,False
37599,False
37602,False
37605,False
37614,False
37615,False
37618,False
37621,False
37622,False
37623,False
37624,False
37625,False
37626,False
37628,False
37630,False
37631,False
37632,False
37651,False
37652,False
37653,False
37657,False
37658,False
37661,False
37662,False
37663,False
37664,False
37665,False
37667,False
37672,False
37679,False
37680,False
37682,False
37691,False
37693,False
37694,False
37696,False
37697,False
37698,False
37699,False
37700,False
37703,False
37705,False
37706,False
37711,False
37712,False
37723,False
37725,False
37727,False
37728,False
37729,False
37732,False
37750,False
37751,False
37752,False
37753,False
37755,False
37756,False
37757,False
37758,False
37763,False
37764,False
37765,False
37766,False
37770,False
37774,False
37775,False
37776,False
37777,False
37779,False
37785,False
37786,False
37790,False
37791,False
37792,False
37794,False
37797,False
37803,False
37805,False
37807,False
37810,False
37812,False
37814,False
37816,False
37817,False
37819,False
37820,False
37821,False
37823,False
37824,False
37826,False
37827,False
37830,False
37831,False
37832,False
37833,False
37834,False
37835,False
37836,False
37837,False
37840,False
37841,False
37844,False
37848,False
37850,False
37851,False
37853,False
37854,False
37856,False
37858,False
37862,False
37863,False
37864,False
37870,False
37873,False
37875,False
37879,False
37880,False
37882,False
37886,False
37888,False
37892,False
37895,False
37897,False
37903,False
37904,False
37905,False
37907,False
37909,False
37910,False
37912,False
37915,False
37917,False
37918,False
37922,False
37925,False
37926,False
37928,False
37929,False
37931,False
37933,False
37937,False
37939,False
37942,False
37947,False
37948,False
37950,False
37952,False
37955,False
37956,False
37958,False
37960,False
37961,False
37965,False
37970,False
37972,False
37974,False
37977,False
37978,False
37980,False
37986,False
37987,False
37994,False
37998,False
37999,False
38002,False
38006,False
38007,False
38008,False
38024,False
38026,False
38028,False
38030,False
38033,False
38036,False
38043,False
38044,False
38049,False
38053,False
38054,False
38057,False
38060,False
38062,False
38068,False
38075,False
38077,False
38078,False
38080,False
38082,False
38083,False
38085,False
38086,False
38088,False
38090,False
38091,False
38094,False
38096,False
38097,False
38099,False
38104,False
38107,False
38115,False
38116,False
38117,False
38119,False
38120,False
38121,False
38122,False
38124,False
38125,False
38126,False
38127,False
38128,False
38131,False
38134,False
38135,False
38136,False
38137,False
38141,False
38143,False
38153,False
38158,False
38159,False
38170,False
38171,False
38173,False
38174,False
38175,False
38179,False
38185,False
38186,False
38187,False
38189,False
38190,False
38191,False
38194,False
38195,False
38199,False
38200,False
38201,False
38202,False
38206,False
38207,False
38209,False
38211,False
38212,False
38215,False
38219,False
38223,False
38226,False
38229,False
38231,False
38233,False
38236,False
38239,False
38242,False
38245,False
38247,False
38249,False
38250,False
38252,False
38255,False
38260,False
38263,False
38266,False
38270,False
38273,False
38275,False
38277,False
38279,False
38284,False
38286,False
38289,False
38290,False
38292,False
38293,False
38295,False
38297,False
38298,False
38301,False
38303,False
38304,False
38305,False
38310,False
38314,False
38316,False
38319,False
38323,False
38325,False
38330,False
38335,False
38336,False
38338,False
38341,False
38344,False
38346,False
38352,False
38354,False
38355,False
38359,False
38362,False
38364,False
38366,False
38367,False
38370,False
38371,False
38372,False
38375,False
38377,False
38379,False
38381,False
38383,False
38385,False
38387,False
38389,False
38391,False
38392,False
38394,False
38395,False
38396,False
38398,False
38401,False
38410,False
38411,False
38414,False
38415,False
38419,False
38421,False
38424,False
38427,False
38428,False
38430,False
38431,False
38435,False
38436,False
38438,False
38439,False
38456,False
38457,False
38458,False
38459,False
38461,False
38465,False
38467,False
38469,False
38470,False
38474,False
38475,False
38476,False
38477,False
38493,False
38496,False
38497,False
38499,False
38500,False
38502,False
38505,False
38506,False
38508,False
38512,False
38526,False
38527,False
38528,False
38529,False
38533,False
38534,False
38539,False
38540,False
38542,False
38547,False
38550,False
38554,False
38555,False
38556,False
38558,False
38560,False
38561,False
38562,False
38568,False
38571,False
38574,False
38575,False
38576,False
38578,False
38579,False
38582,False
38584,False
38586,False
38588,False
38589,False
38590,False
38591,False
38593,False
38594,False
38597,False
38598,False
38599,False
38600,False
38602,False
38604,False
38606,False
38610,False
38611,False
38612,False
38613,False
38614,False
38616,False
38617,False
38618,False
38625,False
38626,False
38631,False
38634,False
38636,False
38637,False
38641,False
38642,False
38645,False
38648,False
38651,False
38652,False
38654,False
38656,False
38664,False
38666,False
38667,False
38685,False
38686,False
38688,False
38693,False
38697,False
38698,False
38701,False
38706,False
38707,False
38709,False
38711,False
38715,False
38717,False
38719,False
38721,False
38722,False
38723,False
38725,False
38726,False
38728,False
38729,False
38730,False
38731,False
38735,False
38741,False
38744,False
38745,False
38747,False
38749,False
38750,False
38752,False
38758,False
38760,False
38762,False
38763,False
38765,False
38769,False
38776,False
38778,False
38785,False
38786,False
38797,False
38799,False
38801,False
38804,False
38813,False
38817,False
38818,False
38836,False
38837,False
38839,False
38840,False
38842,False
38844,False
38845,False
38846,False
38847,False
38848,False
38850,False
38856,False
38858,False
38862,False
38868,False
38869,False
38875,False
38876,False
38880,False
38881,False
38882,False
38883,False
38888,False
38889,False
38890,False
38891,False
38892,False
38894,False
38895,False
38898,False
38899,False
38902,False
38904,False
38907,False
38908,False
38909,False
38912,False
38940,False
38942,False
38944,False
38945,False
38946,False
38951,False
38952,False
38954,False
38956,False
38957,False
38960,False
38963,False
38966,False
38967,False
38969,False
38970,False
38972,False
38981,False
38984,False
38985,False
38989,False
38990,False
38991,False
38992,False
38995,False
38996,False
38999,False
39001,False
39002,False
39003,False
39005,False
39007,False
39009,False
39010,False
39012,False
39015,False
39016,False
39017,False
39018,False
39026,False
39027,False
39030,False
39032,False
39034,False
39036,False
39037,False
39038,False
39045,False
39046,False
39049,False
39051,False
39052,False
39054,False
39055,False
39059,False
39063,False
39064,False
39065,False
39077,False
39078,False
39079,False
39080,False
39086,False
39089,False
39091,False
39106,False
39109,False
39110,False
39118,False
39119,False
39122,False
39123,False
39124,False
39128,False
39129,False
39130,False
39131,False
39159,False
39162,False
39163,False
39166,False
39174,False
39175,False
39178,False
39179,False
39180,False
39181,False
39182,False
39187,False
39191,False
39194,False
39197,False
39199,False
39203,False
39215,False
39217,False
39219,False
39220,False
39221,False
39223,False
39224,False
39226,False
39230,False
39233,False
39234,False
39243,False
39247,False
39250,False
39251,False
39256,False
39257,False
39258,False
39262,False
39265,False
39271,False
39273,False
39274,False
39276,False
39279,False
39281,False
39282,False
39285,False
39286,False
39291,False
39292,False
39293,False
39304,False
39305,False
39310,False
39315,False
39316,False
39318,False
39321,False
39322,False
39324,False
39326,False
39328,False
39329,False
39331,False
39332,False
39336,False
39337,False
39340,False
39341,False
39342,False
39346,False
39349,False
39350,False
39352,False
39355,False
39360,False
39364,False
39365,False
39366,False
39367,False
39370,False
39372,False
39373,False
39374,False
39375,False
39376,False
39378,False
39381,False
39383,False
39384,False
39386,False
39389,False
39392,False
39395,False
39399,False
39400,False
39401,False
39402,False
39403,False
39404,False
39406,False
39410,False
39411,False
39414,False
39416,False
39417,False
39419,False
39420,False
39421,False
39422,False
39423,False
39424,False
39425,False
39427,False
39428,False
39429,False
39432,False
39434,False
39437,False
39441,False
39442,False
39443,False
39444,False
39453,False
39454,False
39459,False
39463,False
39468,False
39472,False
39475,False
39477,False
39478,False
39481,False
39482,False
39483,False
39484,False
39485,False
39486,False
39487,False
39490,False
39492,False
39495,False
39496,False
39497,False
39498,False
39499,False
39502,False
39508,False
39516,False
39517,False
39529,False
39531,False
39532,False
39535,False
39536,False
39543,False
39544,False
39545,False
39546,False
39551,False
39552,False
39554,False
39555,False
39556,False
39559,False
39561,False
39563,False
39567,False
39569,False
39575,False
39587,False
39588,False
39590,False
39591,False
39594,False
39603,False
39606,False
39608,False
39610,False
39611,False
39613,False
39615,False
39616,False
39620,False
39624,False
39628,False
39629,False
39632,False
39634,False
39635,False
39636,False
39639,False
39641,False
39645,False
39646,False
39649,False
39651,False
39654,False
39657,False
39659,False
39662,False
39664,False
39669,False
39670,False
39673,False
39676,False
39677,False
39678,False
39679,False
39681,False
39683,False
39685,False
39693,False
39694,False
39701,False
39702,False
39703,False
39717,False
39718,False
39721,False
39723,False
39724,False
39729,False
39732,False
39733,False
39734,False
39737,False
39738,False
39751,False
39753,False
39756,False
39757,False
39758,False
39759,False
39760,False
39763,False
39779,False
39781,False
39783,False
39785,False
39786,False
39788,False
39791,False
39792,False
39793,False
39795,False
39797,False
39800,False
39801,False
39802,False
39803,False
39808,False
39810,False
39813,False
39815,False
39818,False
39822,False
39823,False
39825,False
39826,False
39828,False
39830,False
39836,False
39838,False
39842,False
39846,False
39847,False
39848,False
39849,False
39850,False
39852,False
39855,False
39858,False
39860,False
39861,False
39877,False
39878,False
39881,False
39883,False
39884,False
39885,False
39889,False
39895,False
39896,False
39903,False
39904,False
39908,False
39909,False
39912,False
39935,False
39936,False
39938,False
39940,False
39944,False
39946,False
39948,False
39950,False
39952,False
39954,False
39955,False
39958,False
39959,False
39964,False
39971,False
39974,False
39978,False
39987,False
39993,False
39995,False
39996,False
40000,False
40001,False
40002,False
40004,False
40006,False
40007,False
40009,False
40011,False
40013,False
40014,False
40018,False
40019,False
40021,False
40023,False
40024,False
40025,False
40027,False
40034,False
40035,False
40036,False
40047,False
40051,False
40052,False
40056,False
40060,False
40061,False
40062,False
40068,False
40072,False
40073,False
40075,False
40076,False
40080,False
40083,False
40085,False
40087,False
40089,False
40111,False
40112,False
40114,False
40115,False
40117,False
40118,False
40124,False
40126,False
40130,False
40131,False
40132,False
40133,False
40135,False
40137,False
40140,False
40143,False
40145,False
40146,False
40151,False
40152,False
40153,False
40158,False
40159,False
40162,False
40163,False
40168,False
40172,False
40174,False
40178,False
40179,False
40180,False
40181,False
40183,False
40184,False
40186,False
40188,False
40192,False
40193,False
40194,False
40197,False
40198,False
40199,False
40202,False
40203,False
40205,False
40206,False
40208,False
40210,False
40212,False
40213,False
40220,False
40221,False
40222,False
40227,False
40228,False
40229,False
40233,False
40234,False
40235,False
40241,False
40244,False
40247,False
40248,False
40249,False
40250,False
40253,False
40254,False
40255,False
40259,False
40260,False
40262,False
40264,False
40267,False
40270,False
40272,False
40273,False
40274,False
40281,False
40282,False
40287,False
40289,False
40291,False
40298,False
40302,False
40303,False
40304,False
40305,False
40306,False
40307,False
40308,False
40309,False
40312,False
40315,False
40316,False
40318,False
40319,False
40320,False
40322,False
40324,False
40325,False
40327,False
40329,False
40332,False
40333,False
40334,False
40338,False
40343,False
40344,False
40346,False
40347,False
40349,False
40354,False
40365,False
40366,False
40367,False
40368,False
40369,False
40370,False
40372,False
40374,False
40377,False
40378,False
40380,False
40381,False
40382,False
40391,False
40392,False
40394,False
40396,False
40398,False
40399,False
40400,False
40406,False
40415,False
40418,False
40422,False
40426,False
40429,False
40433,False
40434,False
40448,False
40450,False
40452,False
40468,False
40469,False
40478,False
40484,False
40496,False
40498,False
40501,False
40502,False
40505,False
40508,False
40515,False
40517,False
40522,False
40524,False
40525,False
40527,False
40528,False
40529,False
40530,False
40536,False
40537,False
40538,False
40542,False
40548,False
40551,False
40553,False
40554,False
40555,False
40558,False
40560,False
40561,False
40562,False
40564,False
40565,False
40566,False
40567,False
40571,False
40572,False
40573,False
40577,False
40579,False
40581,False
40582,False
40585,False
40590,False
40594,False
40595,False
40597,False
40598,False
40599,False
40600,False
40603,False
40606,False
40607,False
40609,False
40613,False
40617,False
40619,False
40620,False
40625,False
40629,False
40630,False
40632,False
40633,False
40655,False
40658,False
40661,False
40662,False
40666,False
40670,False
40672,False
40677,False
40678,False
40680,False
40683,False
40686,False
40687,False
40689,False
40693,False
40710,False
40711,False
40714,False
40715,False
40716,False
40720,False
40721,False
40728,False
40729,False
40733,False
40737,False
40738,False
40740,False
40742,False
40744,False
40746,False
40752,False
40753,False
40754,False
40756,False
40761,False
40762,False
40764,False
40765,False
40768,False
40770,False
40772,False
40782,False
40786,False
40787,False
40789,False
40791,False
40792,False
40794,False
40795,False
40796,False
40800,False
40802,False
40804,False
40805,False
40807,False
40809,False
40810,False
40811,False
40812,False
40816,False
40817,False
40818,False
40819,False
40820,False
40821,False
40824,False
40826,False
40830,False
40835,False
40836,False
40837,False
40845,False
40852,False
40853,False
40854,False
40858,False
40862,False
40864,False
40865,False
40866,False
40868,False
40869,False
40870,False
40875,False
40887,False
40890,False
40891,False
40894,False
40896,False
40898,False
40902,False
40904,False
40906,False
40911,False
40912,False
40913,False
40915,False
40916,False
40937,False
40952,False
40953,False
40956,False
40958,False
40961,False
40962,False
40963,False
40964,False
40965,False
40967,False
40968,False
40969,False
40970,False
40984,False
40985,False
40986,False
40990,False
40991,False
40996,False
40997,False
40998,False
41004,False
41006,False
41007,False
41009,False
41012,False
41014,False
41018,False
41019,False
41023,False
41026,False
41027,False
41028,False
41031,False
41032,False
41035,False
41036,False
41038,False
41039,False
41042,False
41046,False
41052,False
41054,False
41055,False
41056,False
41058,False
41059,False
41061,False
41064,False
41065,False
41067,False
41068,False
41072,False
41073,False
41074,False
41075,False
41077,False
41080,False
41081,False
41086,False
41087,False
41091,False
41092,False
41094,False
41099,False
41102,False
41105,False
41106,False
41110,False
41113,False
41115,False
41116,False
41117,False
41119,False
41122,False
41126,False
41131,False
41133,False
41134,False
41135,False
41150,False
41151,False
41152,False
41157,False
41159,False
41160,False
41161,False
41164,False
41175,False
41176,False
41177,False
41181,False
41184,False
41196,False
41198,False
41200,False
41203,False
41204,False
41205,False
41206,False
41207,False
41210,False
41211,False
41212,False
41218,False
41223,False
41224,False
41229,False
41232,False
41233,False
41235,False
41236,False
41237,False
41238,False
41243,False
41244,False
41246,False
41249,False
41250,False
41251,False
41253,False
41254,False
41257,False
41260,False
41264,False
41268,False
41269,False
41270,False
41280,False
41281,False
41282,False
41287,False
41293,False
41295,False
41299,False
41300,False
41301,False
41308,False
41311,False
41316,False
41319,False
41321,False
41322,False
41323,False
41326,False
41328,False
41330,False
41331,False
41334,False
41335,False
41337,False
41338,False
41339,False
41342,False
41343,False
41345,False
41347,False
41350,False
41354,False
41355,False
41358,False
41359,False
41360,False
41361,False
41365,False
41366,False
41367,False
41370,False
41374,False
41375,False
41377,False
41379,False
41380,False
41385,False
41386,False
41387,False
41389,False
41390,False
41391,False
41393,False
41394,False
41399,False
41403,False
41410,False
41411,False
41413,False
41415,False
41417,False
41420,False
41441,False
41444,False
41446,False
41447,False
41449,False
41451,False
41453,False
41456,False
41458,False
41460,False
41462,False
41463,False
41467,False
41470,False
41472,False
41473,False
41475,False
41477,False
41481,False
41483,False
41484,False
41487,False
41489,False
41490,False
41492,False
41493,False
41518,False
41519,False
41522,False
41523,False
41525,False
41527,False
41528,False
41532,False
41534,False
41536,False
41537,False
41538,False
41540,False
41541,False
41542,False
41546,False
41547,False
41552,False
41555,False
41557,False
41558,False
41566,False
41568,False
41569,False
41571,False
41573,False
41574,False
41575,False
41585,False
41588,False
41589,False
41593,False
41595,False
41601,False
41605,False
41607,False
41608,False
41609,False
41611,False
41613,False
41614,False
41615,False
41616,False
41621,False
41624,False
41625,False
41627,False
41628,False
41630,False
41639,False
41642,False
41643,False
41647,False
41652,False
41654,False
41656,False
41657,False
41662,False
41663,False
41666,False
41667,False
41672,False
41673,False
41676,False
41678,False
41679,False
41690,False
41693,False
41694,False
41697,False
41700,False
41701,False
41704,False
41706,False
41707,False
41708,False
41714,False
41715,False
41716,False
41717,False
41718,False
41719,False
41721,False
41722,False
41724,False
41731,False
41732,False
41733,False
41736,False
41738,False
41743,False
41744,False
41745,False
41746,False
41747,False
41748,False
41749,False
41752,False
41753,False
41756,False
41757,False
41758,False
41759,False
41760,False
41761,False
41762,False
41763,False
41765,False
41767,False
41769,False
41771,False
41774,False
41775,False
41776,False
41779,False
41782,False
41784,False
41785,False
41789,False
41792,False
41793,False
41797,False
41798,False
41799,False
41802,False
41804,False
41805,False
41809,False
41810,False
41814,False
41817,False
41818,False
41819,False
41820,False
41821,False
41825,False
41828,False
41834,False
41835,False
41842,False
41846,False
41847,False
41850,False
41851,False
41853,False
41854,False
41855,False
41857,False
41860,False
41861,False
41863,False
41870,False
41893,False
41894,False
41897,False
41898,False
41904,False
41908,False
41910,False
41911,False
41930,False
41946,False
41958,False
41961,False
41962,False
41963,False
41966,False
41967,False
41972,False
41973,False
41974,False
41978,False
41979,False
41980,False
41981,False
41983,False
42014,False
42018,False
42027,False
42032,False
42036,False
42038,False
42039,False
42055,False
42056,False
42058,False
42059,False
42060,False
42061,False
42066,False
42077,False
42082,False
42083,False
42094,False
42098,False
42099,False
42100,False
42101,False
42106,False
42109,False
42110,False
42111,False
42115,False
42121,False
42125,False
42132,False
42133,False
42136,False
42140,False
42141,False
42143,False
42146,False
42150,False
42154,False
42160,False
42161,False
42164,False
42166,False
42167,False
42168,False
42170,False
42171,False
42172,False
42174,False
42178,False
42179,False
42180,False
42186,False
42193,False
42203,False
42207,False
42210,False
42211,False
42213,False
42214,False
42219,False
42220,False
42222,False
42223,False
42243,False
42244,False
42246,False
42247,False
42248,False
42250,False
42252,False
42254,False
42255,False
42256,False
42257,False
42268,False
42270,False
42271,False
42273,False
42276,False
42277,False
42283,False
42284,False
42303,False
42304,False
42305,False
42306,False
42307,False
42308,False
42309,False
42310,False
42311,False
42313,False
42315,False
42317,False
42333,False
42342,False
42343,False
42344,False
42347,False
42372,False
42373,False
42374,False
42375,False
42376,False
42379,False
42380,False
42381,False
42383,False
42388,False
42391,False
42392,False
42400,False
42406,False
42411,False
42412,False
42414,False
42418,False
42441,False
42442,False
42443,False
42450,False
42451,False
42455,False
42456,False
42457,False
42460,False
42461,False
42488,False
42489,False
42491,False
42492,False
42493,False
42494,False
42496,False
42498,False
42499,False
42501,False
42506,False
42508,False
42509,False
42510,False
42513,False
42517,False
42536,False
42538,False
42543,False
42544,False
42546,False
42549,False
42556,False
42557,False
42560,False
42561,False
42567,False
42568,False
42572,False
42575,False
42576,False
42577,False
42580,False
42583,False
42584,False
42585,False
42589,False
42593,False
42594,False
42596,False
42597,False
42598,False
42599,False
42601,False
42603,False
42604,False
42609,False
42614,False
42619,False
42620,False
42621,False
42622,False
42623,False
42627,False
42628,False
42629,False
42630,False
42633,False
42636,False
42637,False
42639,False
42646,False
42649,False
42661,False
42662,False
42663,False
42664,False
42666,False
42672,False
42675,False
42676,False
42678,False
42679,False
42681,False
42684,False
42686,False
42689,False
42690,False
42691,False
42693,False
42694,False
42696,False
42700,False
42701,False
42702,False
42703,False
42705,False
42708,False
42710,False
42711,False
42712,False
42713,False
42721,False
42722,False
42724,False
42727,False
42729,False
42730,False
42733,False
42735,False
42736,False
42738,False
42739,False
42744,False
42746,False
42748,False
42751,False
42752,False
42753,False
42757,False
42758,False
42759,False
42760,False
42763,False
42766,False
42768,False
42769,False
42770,False
42774,False
42778,False
42779,False
42780,False
42782,False
42784,False
42790,False
42792,False
42794,False
42797,False
42798,False
42802,False
42804,False
42806,False
42808,False
42815,False
42816,False
42823,False
42828,False
42831,False
42833,False
42835,False
42836,False
42837,False
42839,False
42843,False
42844,False
42845,False
42849,False
42851,False
42853,False
42854,False
42855,False
42856,False
42857,False
42859,False
42864,False
42867,False
42869,False
42870,False
42874,False
42875,False
42876,False
42877,False
42878,False
42888,False
42889,False
42892,False
42893,False
42896,False
42897,False
42899,False
42908,False
42909,False
42911,False
42912,False
42913,False
42918,False
42920,False
42925,False
42926,False
42928,False
42929,False
42930,False
42932,False
42934,False
42940,False
42941,False
42943,False
42944,False
42947,False
42948,False
42949,False
42950,False
42952,False
42956,False
42962,False
42982,False
42987,False
42990,False
42994,False
42995,False
42997,False
42998,False
43000,False
43001,False
43010,False
43015,False
43016,False
43019,False
43023,False
43025,False
43026,False
43028,False
43038,False
43039,False
43041,False
43042,False
43051,False
43053,False
43055,False
43071,False
43072,False
43074,False
43078,False
43079,False
43080,False
43082,False
43084,False
43087,False
43092,False
43093,False
43098,False
43099,False
43102,False
43103,False
43105,False
43107,False
43109,False
43110,False
43113,False
43115,False
43119,False
43137,False
43138,False
43141,False
43143,False
43144,False
43145,False
43166,False
43171,False
43173,False
43175,False
43176,False
43178,False
43179,False
43182,False
43189,False
43190,False
43191,False
43192,False
43193,False
43194,False
43195,False
43196,False
43197,False
43200,False
43201,False
43206,False
43210,False
43215,False
43219,False
43221,False
43224,False
43225,False
43227,False
43228,False
43231,False
43233,False
43237,False
43238,False
43239,False
43240,False
43243,False
43245,False
43247,False
43252,False
43253,False
43254,False
43256,False
43257,False
43259,False
43262,False
43265,False
43266,False
43267,False
43268,False
43270,False
43272,False
43274,False
43275,False
43279,False
43283,False
43285,False
43286,False
43292,False
43295,False
43299,False
43302,False
43303,False
43304,False
43330,False
43339,False
43341,False
43343,False
43346,False
43348,False
43350,False
43352,False
43353,False
43354,False
43356,False
43358,False
43360,False
43365,False
43368,False
43369,False
43370,False
43371,False
43388,False
43390,False
43392,False
43394,False
43398,False
43400,False
43403,False
43404,False
43409,False
43410,False
43411,False
43415,False
43417,False
43418,False
43421,False
43422,False
43424,False
43425,False
43426,False
43427,False
43428,False
43431,False
43436,False
43438,False
43441,False
43442,False
43443,False
43444,False
43445,False
43446,False
43469,False
43471,False
43476,False
43477,False
43479,False
43480,False
43482,False
43483,False
43488,False
43492,False
43498,False
43499,False
43500,False
43502,False
43503,False
43505,False
43507,False
43509,False
43510,False
43514,False
43515,False
43516,False
43518,False
43523,False
43525,False
43526,False
43527,False
43531,False
43532,False
43533,False
43537,False
43539,False
43540,False
43545,False
43546,False
43547,False
43556,False
43557,False
43559,False
43561,False
43564,False
43565,False
43566,False
43568,False
43569,False
43571,False
43572,False
43573,False
43574,False
43575,False
43580,False
43581,False
43584,False
43587,False
43589,False
43590,False
43591,False
43594,False
43595,False
43596,False
43601,False
43604,False
43606,False
43607,False
43608,False
43609,False
43612,False
43613,False
43619,False
43621,False
43623,False
43624,False
43625,False
43627,False
43632,False
43634,False
43635,False
43636,False
43637,False
43640,False
43641,False
43642,False
43646,False
43649,False
43651,False
43669,False
43671,False
43672,False
43678,False
43682,False
43686,False
43688,False
43690,False
43691,False
43692,False
43696,False
43698,False
43699,False
43703,False
43708,False
43718,False
43720,False
43725,False
43726,False
43732,False
43733,False
43737,False
43740,False
43741,False
43742,False
43744,False
43746,False
43747,False
43749,False
43750,False
43768,False
43769,False
43779,False
43781,False
43782,False
43783,False
43785,False
43787,False
43791,False
43792,False
43793,False
43794,False
43795,False
43798,False
43803,False
43805,False
43807,False
43812,False
43813,False
43814,False
43815,False
43816,False
43819,False
43820,False
43824,False
43827,False
43831,False
43832,False
43833,False
43837,False
43838,False
43840,False
43843,False
43846,False
43848,False
43850,False
43852,False
43854,False
43855,False
43859,False
43860,False
43862,False
43865,False
43870,False
43872,False
43874,False
43875,False
43881,False
43884,False
43886,False
43887,False
43890,False
43892,False
43894,False
43895,False
43897,False
43903,False
43904,False
43905,False
43906,False
43909,False
43911,False
43914,False
43918,False
43919,False
43923,False
43925,False
43926,False
43927,False
43930,False
43931,False
43935,False
43937,False
43939,False
43940,False
43941,False
43944,False
43945,False
43946,False
43951,False
43967,False
43970,False
43971,False
43974,False
43975,False
43981,False
43982,False
43985,False
43987,False
43991,False
43992,False
43994,False
43995,False
43996,False
43997,False
43998,False
44001,False
44002,False
44005,False
44009,False
44012,False
44016,False
44021,False
44022,False
44024,False
44026,False
44028,False
44029,False
44030,False
44033,False
44035,False
44037,False
44046,False
44047,False
44050,False
44051,False
44052,False
44055,False
44057,False
44058,False
44060,False
44062,False
44064,False
44066,False
44068,False
44070,False
44075,False
44076,False
44078,False
44079,False
44088,False
44090,False
44094,False
44096,False
44098,False
44099,False
44102,False
44103,False
44105,False
44142,False
44144,False
44149,False
44150,False
44152,False
44153,False
44154,False
44159,False
44160,False
44163,False
44173,False
44177,False
44178,False
44180,False
44182,False
44186,False
44187,False
44188,False
44189,False
44194,False
44198,False
44199,False
44207,False
44210,False
44214,False
44220,False
44222,False
44224,False
44225,False
44228,False
44229,False
44230,False
44232,False
44237,False
44239,False
44262,False
44264,False
44283,False
44289,False
44291,False
44295,False
44296,False
44298,False
44303,False
44306,False
44311,False
44312,False
44314,False
44316,False
44317,False
44321,False
44323,False
44324,False
44344,False
44350,False
44352,False
44353,False
44354,False
44360,False
44363,False
44364,False
44366,False
44367,False
44368,False
44369,False
44388,False
44411,False
44412,False
44413,False
44415,False
44417,False
44418,False
44419,False
44422,False
44423,False
44427,False
44458,False
44459,False
44460,False
44461,False
44464,False
44465,False
44466,False
44473,False
44474,False
44477,False
44481,False
44482,False
44484,False
44485,False
44489,False
44490,False
44492,False
44496,False
44504,False
44505,False
44509,False
44514,False
44516,False
44518,False
44519,False
44520,False
44527,False
44530,False
44532,False
44533,False
44535,False
44537,False
44538,False
44539,False
44540,False
44543,False
44544,False
44545,False
44549,False
44550,False
44551,False
44553,False
44556,False
44557,False
44559,False
44560,False
44564,False
44571,False
44573,False
44574,False
44575,False
44576,False
44579,False
44584,False
44585,False
44587,False
44591,False
44593,False
44596,False
44598,False
44601,False
44602,False
44609,False
44612,False
44614,False
44617,False
44618,False
44619,False
44622,False
44623,False
44626,False
44627,False
44628,False
44629,False
44630,False
44634,False
44644,False
44645,False
44646,False
44648,False
44649,False
44652,False
44654,False
44655,False
44657,False
44668,False
44674,False
44677,False
44678,False
44681,False
44683,False
44684,False
44685,False
44686,False
44689,False
44690,False
44692,False
44694,False
44696,False
44697,False
44698,False
44703,False
44704,False
44705,False
44707,False
44710,False
44714,False
44717,False
44722,False
44723,False
44724,False
44725,False
44726,False
44739,False
44741,False
44743,False
44744,False
44745,False
44748,False
44752,False
44753,False
44754,False
44757,False
44760,False
44762,False
44763,False
44771,False
44776,False
44777,False
44780,False
44781,False
44782,False
44783,False
44784,False
44785,False
44786,False
44788,False
44789,False
44790,False
44791,False
44793,False
44794,False
44795,False
44798,False
44801,False
44803,False
44804,False
44809,False
44810,False
44813,False
44814,False
44815,False
44822,False
44825,False
44826,False
44829,False
44830,False
44832,False
44833,False
44834,False
44835,False
44836,False
44837,False
44838,False
44842,False
44843,False
44848,False
44850,False
44854,False
44856,False
44857,False
44862,False
44864,False
44869,False
44872,False
44874,False
44879,False
44881,False
44888,False
44889,False
44890,False
44892,False
44894,False
44895,False
44896,False
44898,False
44900,False
44901,False
44902,False
44903,False
44906,False
44907,False
44909,False
44911,False
44912,False
44913,False
44914,False
44915,False
44916,False
44917,False
44918,False
44924,False
44926,False
44927,False
44928,False
44932,False
44938,False
44944,False
44946,False
44947,False
44951,False
44953,False
44954,False
44955,False
44958,False
44959,False
44968,False
44972,False
44973,False
44974,False
44977,False
44978,False
44979,False
44980,False
44983,False
44984,False
44985,False
44986,False
44988,False
44990,False
44991,False
44993,False
44994,False
44995,False
44996,False
44997,False
44998,False
45000,False
45001,False
45004,False
45007,False
45009,False
45010,False
45011,False
45012,False
45013,False
45016,False
45018,False
45024,False
45025,False
45041,False
45060,False
45061,False
45063,False
45064,False
45066,False
45069,False
45070,False
45072,False
45074,False
45090,False
45091,False
45092,False
45095,False
45096,False
45097,False
45098,False
45099,False
45100,False
45101,False
45103,False
45106,False
45108,False
45113,False
45114,False
45117,False
45119,False
45121,False
45122,False
45126,False
45127,False
45128,False
45135,False
45136,False
45139,False
45141,False
45143,False
45144,False
45145,False
45147,False
45148,False
45151,False
45153,False
45156,False
45157,False
45158,False
45161,False
45166,False
45168,False
45169,False
45171,False
45173,False
45179,False
45180,False
45181,False
45183,False
45185,False
45186,False
45189,False
45190,False
45192,False
45194,False
45197,False
45217,False
45218,False
45234,False
45241,False
45243,False
45244,False
45245,False
45248,False
45249,False
45250,False
45251,False
45255,False
45257,False
45269,False
45270,False
45273,False
45274,False
45276,False
45278,False
45295,False
45298,False
45299,False
45302,False
45308,False
45311,False
45313,False
45315,False
45316,False
45317,False
45318,False
45320,False
45322,False
45324,False
45325,False
45326,False
45329,False
45333,False
45337,False
45340,False
45341,False
45342,False
45344,False
45347,False
45349,False
45355,False
45363,False
45364,False
45365,False
45374,False
45375,False
45379,False
45381,False
45383,False
45384,False
45385,False
45386,False
45388,False
45389,False
45398,False
45404,False
45405,False
45406,False
45410,False
45413,False
45416,False
45421,False
45432,False
45435,False
45440,False
45441,False
45443,False
45444,False
45445,False
45446,False
45449,False
45450,False
45452,False
45455,False
45456,False
45459,False
45460,False
45471,False
45473,False
45483,False
45486,False
45487,False
45488,False
45490,False
45493,False
45495,False
45502,False
45503,False
45504,False
45505,False
45506,False
45508,False
45527,False
45528,False
45530,False
45531,False
45534,False
45535,False
45537,False
45538,False
45542,False
45546,False
45550,False
45551,False
45552,False
45560,False
45562,False
45563,False
45570,False
45572,False
45573,False
45574,False
45580,False
45582,False
45584,False
45585,False
45586,False
45587,False
45588,False
45594,False
45600,False
45603,False
45604,False
45607,False
45608,False
45609,False
45644,False
45646,False
45647,False
45648,False
45655,False
45656,False
45659,False
45660,False
45662,False
45663,False
45664,False
45666,False
45667,False
45668,False
45672,False
45675,False
45680,False
45682,False
45684,False
45686,False
45690,False
45692,False
45695,False
45702,False
45703,False
45705,False
45707,False
45708,False
45710,False
45714,False
45716,False
45719,False
45722,False
45724,False
45725,False
45727,False
45728,False
45729,False
45731,False
45735,False
45736,False
45738,False
45740,False
45745,False
45748,False
45749,False
45754,False
45761,False
45771,False
45773,False
45775,False
45777,False
45779,False
45786,False
45790,False
45803,False
45804,False
45806,False
45807,False
45808,False
45809,False
45811,False
45812,False
45814,False
45818,False
45820,False
45823,False
45825,False
45850,False
45851,False
45853,False
45854,False
45855,False
45856,False
45859,False
45860,False
45861,False
45862,False
45866,False
45867,False
45869,False
45871,False
45872,False
45876,False
45878,False
45882,False
45888,False
45889,False
45890,False
45893,False
45894,False
45899,False
45901,False
45903,False
45905,False
45906,False
45907,False
45908,False
45910,False
45911,False
45913,False
45915,False
45916,False
45919,False
45920,False
45926,False
45929,False
45930,False
45931,False
45935,False
45936,False
45940,False
45943,False
45944,False
45946,False
45947,False
45949,False
45950,False
45951,False
45960,False
45961,False
45963,False
45964,False
45968,False
45971,False
45973,False
45975,False
45976,False
45981,False
45985,False
45986,False
45988,False
45990,False
45992,False
45995,False
45996,False
45997,False
46003,False
46004,False
46006,False
46007,False
46008,False
46009,False
46010,False
46011,False
46012,False
46013,False
46014,False
46017,False
46019,False
46020,False
46022,False
46037,False
46049,False
46050,False
46053,False
46054,False
46056,False
46057,False
46059,False
46061,False
46062,False
46063,False
46065,False
46066,False
46067,False
46068,False
46069,False
46071,False
46075,False
46078,False
46080,False
46082,False
46083,False
46088,False
46090,False
46091,False
46092,False
46108,False
46109,False
46111,False
46112,False
46113,False
46117,False
46123,False
46130,False
46131,False
46136,False
46137,False
46138,False
46139,False
46140,False
46142,False
46144,False
46146,False
46148,False
46149,False
46151,False
46154,False
46155,False
46156,False
46159,False
46160,False
46161,False
46164,False
46165,False
46166,False
46169,False
46170,False
46171,False
46172,False
46176,False
46177,False
46180,False
46181,False
46182,False
46184,False
46185,False
46186,False
46187,False
46188,False
46189,False
46194,False
46195,False
46196,False
46200,False
46202,False
46204,False
46206,False
46207,False
46209,False
46213,False
46217,False
46218,False
46219,False
46221,False
46222,False
46228,False
46229,False
46230,False
46233,False
46235,False
46237,False
46239,False
46240,False
46241,False
46242,False
46243,False
46244,False
46245,False
46247,False
46249,False
46250,False
46251,False
46252,False
46253,False
46254,False
46255,False
46256,False
46269,False
46271,False
46273,False
46276,False
46277,False
46278,False
46279,False
46285,False
46286,False
46287,False
46289,False
46291,False
46293,False
46294,False
46298,False
46300,False
46302,False
46305,False
46311,False
46312,False
46313,False
46314,False
46319,False
46321,False
46323,False
46324,False
46327,False
46329,False
46330,False
46331,False
46333,False
46334,False
46335,False
46338,False
46339,False
46340,False
46341,False
46345,False
46348,False
46351,False
46352,False
46353,False
46356,False
46357,False
46358,False
46359,False
46363,False
46365,False
46367,False
46368,False
46370,False
46373,False
46375,False
46376,False
46382,False
46383,False
46387,False
46392,False
46393,False
46394,False
46399,False
46401,False
46402,False
46404,False
46405,False
46406,False
46411,False
46416,False
46417,False
46419,False
46423,False
46426,False
46446,False
46447,False
46456,False
46459,False
46460,False
46461,False
46462,False
46464,False
46468,False
46470,False
46476,False
46479,False
46480,False
46491,False
46503,False
46504,False
46506,False
46507,False
46508,False
46514,False
46523,False
46524,False
46525,False
46527,False
46530,False
46531,False
46533,False
46534,False
46538,False
46540,False
46541,False
46542,False
46543,False
46544,False
46545,False
46552,False
46553,False
46555,False
46557,False
46558,False
46559,False
46562,False
46564,False
46565,False
46567,False
46571,False
46573,False
46575,False
46577,False
46578,False
46579,False
46580,False
46581,False
46582,False
46583,False
46584,False
46585,False
46586,False
46587,False
46588,False
46592,False
46595,False
46598,False
46601,False
46602,False
46606,False
46607,False
46609,False
46610,False
46611,False
46613,False
46614,False
46616,False
46618,False
46620,False
46621,False
46622,False
46624,False
46625,False
46646,False
46647,False
46648,False
46649,False
46650,False
46653,False
46655,False
46656,False
46660,False
46664,False
46665,False
46666,False
46668,False
46671,False
46678,False
46679,False
46680,False
46681,False
46684,False
46685,False
46686,False
46689,False
46690,False
46692,False
46696,False
46698,False
46701,False
46703,False
46705,False
46706,False
46716,False
46717,False
46718,False
46719,False
46723,False
46724,False
46727,False
46728,False
46730,False
46734,False
46739,False
46749,False
46750,False
46752,False
46756,False
46766,False
46767,False
46768,False
46770,False
46771,False
46773,False
46775,False
46778,False
46784,False
46786,False
46789,False
46792,False
46793,False
46794,False
46795,False
46796,False
46797,False
46798,False
46799,False
46800,False
46803,False
46811,False
46813,False
46814,False
46820,False
46822,False
46823,False
46825,False
46827,False
46832,False
46852,False
46853,False
46854,False
46855,False
46856,False
46860,False
46874,False
46881,False
46882,False
46883,False
46885,False
46888,False
46891,False
46895,False
46906,False
46909,False
46928,False
46930,False
46934,False
46935,False
46937,False
46938,False
46939,False
46940,False
46942,False
46944,False
46945,False
46947,False
46948,False
46949,False
46952,False
46954,False
46969,False
46989,False
46995,False
46996,False
47002,False
47004,False
47021,False
47039,False
47040,False
47041,False
47043,False
47044,False
47046,False
47047,False
47052,False
47055,False
47058,False
47060,False
47061,False
47063,False
47067,False
47075,False
47079,False
47081,False
47084,False
47088,False
47089,False
47090,False
47091,False
47096,False
47098,False
47099,False
47100,False
47102,False
47107,False
47110,False
47112,False
47113,False
47120,False
47121,False
47127,False
47132,False
47137,False
47142,False
47145,False
47146,False
47147,False
47148,False
47149,False
47151,False
47158,False
47160,False
47162,False
47164,False
47166,False
47167,False
47171,False
47174,False
47175,False
47178,False
47185,False
47186,False
47188,False
47189,False
47190,False
47191,False
47194,False
47195,False
47196,False
47197,False
47199,False
47200,False
47207,False
47214,False
47216,False
47223,False
47224,False
47226,False
47232,False
47234,False
47235,False
47236,False
47237,False
47238,False
47242,False
47244,False
47246,False
47248,False
47249,False
47259,False
47260,False
47262,False
47263,False
47267,False
47269,False
47271,False
47272,False
47274,False
47275,False
47279,False
47284,False
47287,False
47289,False
47292,False
47293,False
47302,False
47304,False
47307,False
47308,False
47311,False
47314,False
47317,False
47322,False
47325,False
47326,False
47328,False
47330,False
47337,False
47343,False
47344,False
47357,False
47358,False
47359,False
47361,False
47366,False
47368,False
47372,False
47374,False
47375,False
47376,False
47377,False
47380,False
47381,False
47382,False
47385,False
47388,False
47390,False
47392,False
47396,False
47398,False
47400,False
47403,False
47410,False
47411,False
47421,False
47423,False
47424,False
47425,False
47426,False
47427,False
47428,False
47429,False
47431,False
47433,False
47436,False
47440,False
47442,False
47447,False
47459,False
47461,False
47465,False
47466,False
47468,False
47470,False
47471,False
47473,False
47474,False
47475,False
47477,False
47481,False
47482,False
47487,False
47488,False
47489,False
47490,False
47491,False
47493,False
47498,False
47499,False
47500,False
47501,False
47503,False
47504,False
47506,False
47511,False
47528,False
47532,False
47534,False
47547,False
47550,False
47551,False
47560,False
47561,False
47562,False
47563,False
47564,False
47568,False
47569,False
47570,False
47573,False
47574,False
47582,False
47583,False
47584,False
47585,False
47586,False
47587,False
47588,False
47589,False
47590,False
47591,False
47593,False
47594,False
47603,False
47606,False
47609,False
47610,False
47614,False
47615,False
47618,False
47619,False
47620,False
47621,False
47623,False
47624,False
47625,False
47626,False
47629,False
47633,False
47635,False
47636,False
47638,False
47643,False
47644,False
47646,False
47651,False
47655,False
47656,False
47658,False
47659,False
47660,False
47661,False
47662,False
47666,False
47669,False
47670,False
47675,False
47680,False
47681,False
47684,False
47685,False
47689,False
47690,False
47691,False
47692,False
47693,False
47697,False
47700,False
47702,False
47706,False
47707,False
47708,False
47710,False
47712,False
47713,False
47715,False
47716,False
47717,False
47718,False
47719,False
47720,False
47733,False
47736,False
47739,False
47742,False
47743,False
47746,False
47747,False
47751,False
47752,False
47757,False
47758,False
47760,False
47763,False
47766,False
47769,False
47770,False
47772,False
47773,False
47774,False
47776,False
47778,False
47782,False
47789,False
47790,False
47791,False
47792,False
47793,False
47795,False
47796,False
47799,False
47804,False
47806,False
47808,False
47809,False
47815,False
47816,False
47817,False
47819,False
47820,False
47822,False
47824,False
47845,False
47846,False
47847,False
47848,False
47853,False
47857,False
47858,False
47860,False
47861,False
47864,False
47870,False
47873,False
47874,False
47876,False
47901,False
47903,False
47905,False
47908,False
47910,False
47915,False
47916,False
47919,False
47920,False
47923,False
47924,False
47928,False
47929,False
47937,False
47939,False
47941,False
47942,False
47943,False
47944,False
47945,False
47947,False
47948,False
47951,False
47952,False
47955,False
47956,False
47957,False
47963,False
47964,False
47966,False
47969,False
47972,False
47973,False
47976,False
47979,False
47982,False
47983,False
48004,False
48005,False
48008,False
48009,False
48010,False
48011,False
48015,False
48016,False
48017,False
48022,False
48023,False
48030,False
48031,False
48032,False
48033,False
48038,False
48040,False
48041,False
48042,False
48044,False
48047,False
48048,False
48055,False
48056,False
48057,False
48069,False
48071,False
48072,False
48073,False
48077,False
48078,False
48081,False
48082,False
48083,False
48084,False
48089,False
48090,False
48091,False
48092,False
48094,False
48095,False
48096,False
48097,False
48098,False
48099,False
48100,False
48101,False
48102,False
48103,False
48105,False
48108,False
48109,False
48111,False
48124,False
48130,False
48137,False
48138,False
48139,False
48140,False
48145,False
48146,False
48150,False
48151,False
48153,False
48157,False
48165,False
48168,False
48169,False
48175,False
48178,False
48179,False
48181,False
48184,False
48186,False
48188,False
48191,False
48194,False
48195,False
48196,False
48198,False
48200,False
48201,False
48202,False
48207,False
48209,False
48218,False
48219,False
48224,False
48225,False
48227,False
48228,False
48233,False
48237,False
48238,False
48239,False
48244,False
48247,False
48271,False
48272,False
48275,False
48276,False
48281,False
48299,False
48301,False
48303,False
48307,False
48309,False
48313,False
48314,False
48315,False
48326,False
48327,False
48332,False
48336,False
48337,False
48340,False
48342,False
48343,False
48344,False
48347,False
48348,False
48349,False
48355,False
48357,False
48358,False
48365,False
48367,False
48368,False
48369,False
48393,False
48396,False
48397,False
48398,False
48400,False
48405,False
48407,False
48409,False
48412,False
48413,False
48417,False
48418,False
48419,False
48421,False
48429,False
48444,False
48446,False
48447,False
48448,False
48449,False
48455,False
48457,False
48460,False
48464,False
48472,False
48474,False
48475,False
48478,False
48481,False
48490,False
48491,False
48492,False
48494,False
48496,False
48500,False
48502,False
48503,False
48505,False
48507,False
48508,False
48510,False
48511,False
48512,False
48514,False
48515,False
48521,False
48525,False
48531,False
48532,False
48533,False
48537,False
48538,False
48542,False
48543,False
48546,False
48547,False
48548,False
48552,False
48553,False
48554,False
48555,False
48558,False
48561,False
48563,False
48565,False
48566,False
48568,False
48570,False
48575,False
48577,False
48579,False
48580,False
48583,False
48584,False
48585,False
48587,False
48588,False
48590,False
48591,False
48592,False
48593,False
48595,False
48604,False
48606,False
48607,False
48608,False
48621,False
48622,False
48628,False
48629,False
48631,False
48633,False
48638,False
48639,False
48642,False
48647,False
48648,False
48651,False
48653,False
48657,False
48658,False
48659,False
48662,False
48689,False
48690,False
48691,False
48693,False
48694,False
48699,False
48701,False
48702,False
48706,False
48707,False
48709,False
48710,False
48713,False
48715,False
48718,False
48719,False
48724,False
48725,False
48726,False
48728,False
48729,False
48731,False
48733,False
48738,False
48739,False
48740,False
48742,False
48744,False
48749,False
48750,False
48751,False
48752,False
48753,False
48756,False
48772,False
48774,False
48775,False
48777,False
48778,False
48781,False
48782,False
48784,False
48795,False
48797,False
48800,False
48801,False
48806,False
48811,False
48812,False
48814,False
48815,False
48816,False
48821,False
48825,False
48826,False
48828,False
48834,False
48835,False
48836,False
48839,False
48844,False
48846,False
48848,False
48850,False
48857,False
48862,False
48865,False
48868,False
48871,False
48872,False
48877,False
48878,False
48879,False
48880,False
48881,False
48882,False
48884,False
48885,False
48887,False
48890,False
48891,False
48892,False
48894,False
48897,False
48898,False
48900,False
48902,False
48904,False
48905,False
48908,False
48909,False
48910,False
48913,False
48914,False
48919,False
48922,False
48923,False
48926,False
48937,False
48939,False
48940,False
48941,False
48942,False
48973,False
48977,False
48983,False
48992,False
48993,False
48994,False
48995,False
48997,False
49008,False
49010,False
49011,False
49013,False
49014,False
49015,False
49016,False
49017,False
49019,False
49021,False
49024,False
49025,False
49026,False
49027,False
49029,False
49043,False
49045,False
49048,False
49049,False
49053,False
49062,False
49064,False
49065,False
49070,False
49073,False
49080,False
49083,False
49086,False
49087,False
49089,False
49119,False
49121,False
49138,False
49140,False
49143,False
49144,False
49145,False
49146,False
49147,False
49149,False
49151,False
49152,False
49153,False
49155,False
49156,False
49157,False
49158,False
49162,False
49163,False
49164,False
49168,False
49169,False
49175,False
49178,False
49186,False
49187,False
49190,False
49193,False
49201,False
49207,False
49208,False
49211,False
49212,False
49214,False
49216,False
49217,False
49218,False
49223,False
49225,False
49226,False
49233,False
49234,False
49238,False
49239,False
49241,False
49245,False
49246,False
49249,False
49250,False
49254,False
49260,False
49261,False
49262,False
49266,False
49270,False
49272,False
49274,False
49281,False
49283,False
49284,False
49286,False
49287,False
49290,False
49291,False
49294,False
49295,False
49297,False
49299,False
49302,False
49303,False
49307,False
49310,False
49311,False
49315,False
49318,False
49319,False
49322,False
49326,False
49330,False
49331,False
49335,False
49336,False
49340,False
49343,False
49346,False
49351,False
49353,False
49355,False
49358,False
49360,False
49368,False
49369,False
49376,False
49384,False
49387,False
49390,False
49392,False
49393,False
49395,False
49402,False
49403,False
49405,False
49409,False
49412,False
49414,False
49416,False
49417,False
49419,False
49420,False
49422,False
49427,False
49428,False
49429,False
49430,False
49434,False
49435,False
49437,False
49438,False
49441,False
49444,False
49446,False
49447,False
49449,False
49453,False
49455,False
49468,False
49469,False
49470,False
49471,False
49473,False
49477,False
49484,False
49486,False
49488,False
49490,False
49513,False
49514,False
49516,False
49519,False
49520,False
49521,False
49522,False
49523,False
49525,False
49529,False
49532,False
49535,False
49536,False
49542,False
49547,False
49550,False
49554,False
49560,False
49565,False
49566,False
49567,False
49570,False
49571,False
49575,False
49578,False
49579,False
49581,False
49582,False
49583,False
49586,False
49588,False
49590,False
49591,False
49593,False
49594,False
49595,False
49597,False
49602,False
49603,False
49606,False
49607,False
49609,False
49610,False
49613,False
49614,False
49615,False
49616,False
49618,False
49619,False
49621,False
49623,False
49625,False
49626,False
49627,False
49629,False
49632,False
49633,False
49635,False
49636,False
49645,False
49647,False
49648,False
49649,False
49650,False
49651,False
49652,False
49653,False
49655,False
49656,False
49657,False
49661,False
49668,False
49670,False
49671,False
49675,False
49676,False
49680,False
49682,False
49683,False
49684,False
49687,False
49689,False
49691,False
49693,False
49694,False
49702,False
49703,False
49706,False
49707,False
49761,False
49765,False
49772,False
49774,False
49775,False
49777,False
49781,False
49782,False
49783,False
49784,False
49785,False
49787,False
49788,False
49789,False
49794,False
49796,False
49799,False
49802,False
49805,False
49831,False
49832,False
49833,False
49834,False
49858,False
49860,False
49862,False
49863,False
49868,False
49872,False
49873,False
49874,False
49875,False
49877,False
49878,False
49879,False
49881,False
49882,False
49883,False
49887,False
49888,False
49889,False
49890,False
49891,False
49895,False
49899,False
49923,False
49925,False
49931,False
49933,False
49938,False
49940,False
49944,False
49945,False
49953,False
49959,False
49960,False
49971,False
49973,False
49975,False
49977,False
49978,False
49980,False
49984,False
49986,False
49987,False
49990,False
49991,False
49995,False
49997,False
50000,False
50003,False
50007,False
50010,False
50015,False
50017,False
50029,False
50033,False
50035,False
50036,False
50038,False
50040,False
50051,False
50052,False
50056,False
50057,False
50058,False
50059,False
50062,False
50066,False
50067,False
50068,False
50069,False
50077,False
50080,False
50081,False
50082,False
50085,False
50086,False
50087,False
50090,False
50091,False
50093,False
50094,False
50101,False
50102,False
50103,False
50104,False
50106,False
50107,False
50108,False
50110,False
50111,False
50123,False
50124,False
50127,False
50128,False
50130,False
50134,False
50135,False
50136,False
50137,False
50139,False
50141,False
50142,False
50145,False
50146,False
50147,False
50151,False
50153,False
50154,False
50155,False
50157,False
50158,False
50161,False
50162,False
50167,False
50177,False
50178,False
50182,False
50183,False
50189,False
50192,False
50196,False
50197,False
50198,False
50200,False
50201,False
50202,False
50205,False
50207,False
50209,False
50216,False
50224,False
50226,False
50232,False
50233,False
50234,False
50237,False
50243,False
50244,False
50245,False
50246,False
50247,False
50249,False
50253,False
50258,False
50262,False
50263,False
50264,False
50266,False
50268,False
50269,False
50270,False
50272,False
50273,False
50276,False
50286,False
50288,False
50292,False
50293,False
50296,False
50305,False
50307,False
50311,False
50314,False
50315,False
50316,False
50317,False
50319,False
50326,False
50327,False
50329,False
50331,False
50335,False
50346,False
50348,False
50349,False
50350,False
50354,False
50360,False
50366,False
50367,False
50368,False
50371,False
50382,False
50385,False
50386,False
50387,False
50389,False
50393,False
50394,False
50400,False
50403,False
50404,False
50408,False
50411,False
50414,False
50425,False
50438,False
50439,False
50443,False
50468,False
50472,False
50476,False
50480,False
50481,False
50482,False
50483,False
50484,False
50485,False
50491,False
50492,False
50493,False
50496,False
50498,False
50505,False
50507,False
50508,False
50510,False
50513,False
50515,False
50516,False
50517,False
50519,False
50520,False
50522,False
50524,False
50526,False
50528,False
50530,False
50534,False
50538,False
50573,False
50575,False
50576,False
50577,False
50578,False
50579,False
50582,False
50584,False
50585,False
50587,False
50598,False
50604,False
50605,False
50606,False
50607,False
50609,False
50611,False
50613,False
50616,False
50618,False
50619,False
50622,False
50624,False
50625,False
50627,False
50629,False
50630,False
50641,False
50644,False
50645,False
50647,False
50649,False
50650,False
50651,False
50652,False
50671,False
50673,False
50674,False
50675,False
50677,False
50678,False
50679,False
50681,False
50683,False
50686,False
50689,False
50690,False
50692,False
50695,False
50701,False
50702,False
50703,False
50704,False
50706,False
50710,False
50711,False
50712,False
50714,False
50716,False
50718,False
50720,False
50751,False
50753,False
50754,False
50755,False
50757,False
50781,False
50782,False
50786,False
50788,False
50791,False
50794,False
50796,False
50799,False
50800,False
50801,False
50802,False
50804,False
50807,False
50809,False
50810,False
50812,False
50813,False
50814,False
50816,False
50819,False
50849,False
50852,False
50853,False
50854,False
50855,False
50856,False
50858,False
50864,False
50866,False
50867,False
50868,False
50870,False
50872,False
50873,False
50875,False
50880,False
50881,False
50882,False
50883,False
50884,False
50890,False
50891,False
50892,False
50899,False
50912,False
50913,False
50914,False
50918,False
50919,False
50921,False
50927,False
50928,False
50931,False
50932,False
50933,False
50936,False
50940,False
50941,False
50942,False
50943,False
50944,False
50945,False
50951,False
50952,False
50954,False
50955,False
50958,False
50959,False
50960,False
50963,False
50964,False
50972,False
50973,False
50974,False
50977,False
50979,False
50981,False
50983,False
50985,False
50986,False
50988,False
50989,False
51025,False
51026,False
51028,False
51029,False
51033,False
51034,False
51036,False
51038,False
51039,False
51041,False
51042,False
51044,False
51045,False
51046,False
51047,False
51049,False
51050,False
51052,False
51055,False
51056,False
51058,False
51059,False
51064,False
51065,False
51066,False
51068,False
51076,False
51078,False
51092,False
51094,False
51096,False
51098,False
51100,False
51101,False
51107,False
51109,False
51110,False
51112,False
51114,False
51117,False
51118,False
51121,False
51124,False
51127,False
51131,False
51135,False
51140,False
51141,False
51143,False
51158,False
51159,False
51165,False
51171,False
51172,False
51176,False
51177,False
51181,False
51184,False
51185,False
51186,False
51203,False
51207,False
51211,False
51213,False
51216,False
51221,False
51222,False
51223,False
51225,False
51227,False
51231,False
51232,False
51233,False
51234,False
51258,False
51278,False
51280,False
51285,False
51324,False
51330,False
51333,False
51336,False
51341,False
51342,False
51343,False
51344,False
51346,False
51347,False
51351,False
51352,False
51358,False
51359,False
51360,False
51361,False
51364,False
51366,False
51369,False
51371,False
51373,False
51383,False
51384,False
51386,False
51387,False
51390,False
51392,False
51393,False
51395,False
51400,False
51404,False
51409,False
51411,False
51413,False
51415,False
51418,False
51420,False
51424,False
51426,False
51433,False
51434,False
51435,False
51436,False
51437,False
51441,False
51442,False
51446,False
51450,False
51451,False
51452,False
51454,False
51455,False
51456,False
51457,False
51458,False
51460,False
51461,False
51466,False
51467,False
51469,False
51485,False
51486,False
51490,False
51497,False
51499,False
51504,False
51506,False
51507,False
51519,False
51520,False
51524,False
51526,False
51527,False
51528,False
51533,False
51534,False
51536,False
51537,False
51538,False
51539,False
51540,False
51547,False
51548,False
51553,False
51557,False
51560,False
51561,False
51563,False
51565,False
51567,False
51570,False
51580,False
51583,False
51584,False
51585,False
51586,False
51587,False
51589,False
51591,False
51594,False
51596,False
51603,False
51607,False
51610,False
51611,False
51613,False
51615,False
51618,False
51619,False
51624,False
51625,False
51626,False
51628,False
51629,False
51633,False
51634,False
51638,False
51640,False
51643,False
51646,False
51648,False
51658,False
51660,False
51661,False
51663,False
51664,False
51666,False
51669,False
51673,False
51674,False
51676,False
51677,False
51680,False
51696,False
51698,False
51701,False
51702,False
51703,False
51704,False
51706,False
51710,False
51711,False
51717,False
51718,False
51732,False
51734,False
51741,False
51743,False
51746,False
51749,False
51751,False
51755,False
51760,False
51763,False
51770,False
51771,False
51772,False
51777,False
51779,False
51780,False
51784,False
51789,False
51790,False
51795,False
51797,False
51804,False
51812,False
51813,False
51814,False
51816,False
51817,False
51819,False
51828,False
51829,False
51834,False
51853,False
51858,False
51861,False
51863,False
51864,False
51867,False
51868,False
51871,False
51872,False
51873,False
51875,False
51878,False
51879,False
51885,False
51886,False
51888,False
51890,False
51891,False
51893,False
51894,False
51895,False
51897,False
51899,False
51902,False
51903,False
51904,False
51907,False
51908,False
51911,False
51913,False
51915,False
51916,False
51917,False
51918,False
51945,False
51947,False
51949,False
51951,False
51954,False
51956,False
51957,False
51958,False
51978,False
51982,False
51983,False
51984,False
51986,False
51987,False
51991,False
51995,False
52000,False
52002,False
52003,False
52009,False
52010,False
52011,False
52014,False
52019,False
52022,False
52047,False
52051,False
52052,False
52054,False
52055,False
52082,False
52084,False
52085,False
52087,False
52095,False
52096,False
52098,False
52099,False
52105,False
52138,False
52148,False
52155,False
52158,False
52159,False
52169,False
52171,False
52174,False
52175,False
52177,False
52181,False
52182,False
52183,False
52185,False
52186,False
52187,False
52189,False
52190,False
52191,False
52192,False
52194,False
52196,False
52198,False
52202,False
52207,False
52208,False
52210,False
52211,False
52212,False
52213,False
52218,False
52220,False
52222,False
52223,False
52226,False
52229,False
52230,False
52245,False
52257,False
52260,False
52270,False
52278,False
52279,False
52280,False
52283,False
52285,False
52286,False
52287,False
52288,False
52291,False
52292,False
52295,False
52296,False
52298,False
52299,False
52300,False
52310,False
52316,False
52319,False
52323,False
52328,False
52329,False
52332,False
52333,False
52334,False
52335,False
52336,False
52337,False
52338,False
52341,False
52342,False
52346,False
52348,False
52350,False
52360,False
52361,False
52364,False
52369,False
52370,False
52381,False
52383,False
52392,False
52394,False
52396,False
52400,False
52401,False
52402,False
52403,False
52405,False
52407,False
52409,False
52413,False
52414,False
52415,False
52416,False
52417,False
52418,False
52419,False
52422,False
52423,False
52426,False
52431,False
52436,False
52438,False
52440,False
52442,False
52446,False
52458,False
52461,False
52462,False
52466,False
52470,False
52475,False
52484,False
52488,False
52490,False
52491,False
52493,False
52494,False
52496,False
52498,False
52499,False
52500,False
52501,False
52502,False
52504,False
52507,False
52508,False
52512,False
52513,False
52515,False
52517,False
52518,False
52541,False
52542,False
52545,False
52546,False
52547,False
52548,False
52550,False
52552,False
52554,False
52562,False
52563,False
52565,False
52566,False
52571,False
52573,False
52574,False
52578,False
52579,False
52580,False
52584,False
52586,False
52587,False
52590,False
52616,False
52619,False
52620,False
52621,False
52625,False
52627,False
52628,False
52629,False
52630,False
52632,False
52635,False
52638,False
52640,False
52641,False
52642,False
52645,False
52647,False
52651,False
52656,False
52657,False
52658,False
52659,False
52680,False
52681,False
52683,False
52684,False
52686,False
52688,False
52689,False
52695,False
52696,False
52699,False
52701,False
52702,False
52704,False
52706,False
52708,False
52709,False
52717,False
52720,False
52736,False
52737,False
52739,False
52742,False
52746,False
52756,False
52759,False
52775,False
52780,False
52784,False
52794,False
52798,False
52800,False
52801,False
52813,False
52818,False
52820,False
52821,False
52822,False
52823,False
52824,False
52826,False
52828,False
52834,False
52851,False
52852,False
52854,False
52855,False
52856,False
52858,False
52859,False
52861,False
52864,False
52865,False
52866,False
52867,False
52903,False
52906,False
52908,False
52909,False
52911,False
52912,False
52919,False
52922,False
52924,False
52928,False
52929,False
52931,False
52934,False
52935,False
52936,False
52938,False
52939,False
52943,False
52945,False
52946,False
52948,False
52950,False
52951,False
52952,False
52953,False
52955,False
52958,False
52961,False
52962,False
52969,False
52971,False
52972,False
52977,False
52981,False
52983,False
52984,False
52985,False
52997,False
53000,False
53002,False
53007,False
53011,False
53013,False
53021,False
53032,False
53033,False
53034,False
53035,False
53036,False
53039,False
53041,False
53047,False
53049,False
53051,False
53052,False
53054,False
53056,False
53059,False
53060,False
53061,False
53062,False
53064,False
53065,False
53069,False
53071,False
53072,False
53075,False
53078,False
53079,False
53082,False
53084,False
53090,False
53091,False
53092,False
53094,False
53095,False
53098,False
53100,False
53101,False
53105,False
53110,False
53111,False
53124,False
53125,False
53127,False
53129,False
53130,False
53131,False
53132,False
53133,False
53134,False
53138,False
53139,False
53141,False
53143,False
53150,False
53154,False
53157,False
53159,False
53162,False
53174,False
53175,False
53179,False
53180,False
53181,False
53182,False
53189,False
53190,False
53207,False
53208,False
53215,False
53216,False
53222,False
53223,False
53226,False
53233,False
53235,False
53236,False
53237,False
53238,False
53240,False
53254,False
53255,False
53258,False
53261,False
53262,False
53277,False
53279,False
53280,False
53284,False
53287,False
53288,False
53290,False
53292,False
53293,False
53294,False
53320,False
53323,False
53325,False
53335,False
53340,False
53343,False
53345,False
53346,False
53348,False
53349,False
53352,False
53353,False
53356,False
53357,False
53358,False
53360,False
53362,False
53364,False
53366,False
53368,False
53371,False
53374,False
53376,False
53380,False
53381,False
53382,False
53384,False
53387,False
53396,False
53397,False
53399,False
53403,False
53404,False
53416,False
53422,False
53423,False
53426,False
53427,False
53428,False
53429,False
53430,False
53448,False
53453,False
53454,False
53455,False
53464,False
53468,False
53472,False
53473,False
53485,False
53494,False
53506,False
53507,False
53518,False
53519,False
53522,False
53523,False
53525,False
53526,False
53527,False
53529,False
53531,False
53532,False
53533,False
53534,False
53540,False
53541,False
53544,False
53546,False
53549,False
53551,False
53555,False
53557,False
53560,False
53566,False
53569,False
53570,False
53572,False
53574,False
53575,False
53576,False
53580,False
53583,False
53585,False
53589,False
53591,False
53622,False
53623,False
53624,False
53630,False
53631,False
53632,False
53649,False
53650,False
53652,False
53659,False
53660,False
53675,False
53676,False
53679,False
53692,False
53701,False
53703,False
53707,False
53708,False
53709,False
53710,False
53711,False
53713,False
53727,False
53729,False
53730,False
53731,False
53732,False
53745,False
53748,False
53749,False
53757,False
53758,False
53760,False
53764,False
53774,False
53779,False
53790,False
53792,False
53793,False
53797,False
53798,False
53801,False
53807,False
53811,False
53812,False
53813,False
53819,False
53820,False
53821,False
53823,False
53828,False
53832,False
53834,False
53839,False
53853,False
53855,False
53857,False
53858,False
53859,False
53890,False
53891,False
53892,False
53902,False
53903,False
53906,False
53907,False
53908,False
53909,False
53914,False
53915,False
53917,False
53919,False
53927,False
53929,False
53932,False
53934,False
53941,False
53943,False
53946,False
53950,False
53952,False
53953,False
53958,False
53959,False
53961,False
53966,False
53968,False
53971,False
53972,False
53974,False
53976,False
53979,False
53982,False
53983,False
53993,False
53994,False
53995,False
53997,False
53999,False
54000,False
54002,False
54005,False
54031,False
54034,False
54035,False
54038,False
54039,False
54044,False
54045,False
54046,False
54047,False
54048,False
54052,False
54055,False
54056,False
54059,False
54061,False
54063,False
54064,False
54065,False
54067,False
54071,False
54091,False
54092,False
54093,False
54098,False
54100,False
54102,False
54119,False
54121,False
54122,False
54124,False
54126,False
54127,False
54128,False
54148,False
54149,False
54153,False
54154,False
54155,False
54157,False
54161,False
54163,False
54167,False
54168,False
54178,False
54179,False
54180,False
54187,False
54188,False
54190,False
54191,False
54193,False
54194,False
54195,False
54199,False
54201,False
54202,False
54204,False
54205,False
54206,False
54209,False
54211,False
54212,False
54216,False
54217,False
54218,False
54219,False
54225,False
54227,False
54229,False
54231,False
54233,False
54234,False
54235,False
54237,False
54238,False
54246,False
54257,False
54258,False
54259,False
54260,False
54270,False
54271,False
54278,False
54281,False
54282,False
54283,False
54284,False
54287,False
54289,False
54292,False
54293,False
54296,False
54297,False
54298,False
54300,False
54302,False
54304,False
54305,False
54310,False
54326,False
54327,False
54329,False
54350,False
54351,False
54355,False
54361,False
54364,False
54370,False
54375,False
54376,False
54378,False
54379,False
54388,False
54392,False
54393,False
54394,False
54395,False
54396,False
54399,False
54400,False
54403,False
54412,False
54414,False
54415,False
54417,False
54418,False
54421,False
54422,False
54426,False
54427,False
54429,False
54431,False
54432,False
54437,False
54442,False
54443,False
54444,False
54446,False
54448,False
54449,False
54450,False
54451,False
54456,False
54458,False
54459,False
54460,False
54463,False
54464,False
54466,False
54468,False
54469,False
54475,False
54481,False
54482,False
54483,False
54489,False
54491,False
54502,False
54505,False
54507,False
54511,False
54512,False
54515,False
54517,False
54518,False
54519,False
54520,False
54521,False
54522,False
54524,False
54525,False
54529,False
54538,False
54539,False
54541,False
54542,False
54543,False
54553,False
54554,False
54557,False
54558,False
54560,False
54561,False
54562,False
54563,False
54565,False
54569,False
54571,False
54575,False
54576,False
54577,False
54578,False
54580,False
54581,False
54593,False
54596,False
54597,False
54602,False
54624,False
54625,False
54626,False
54627,False
54631,False
54632,False
54637,False
54638,False
54646,False
54648,False
54651,False
54653,False
54671,False
54672,False
54673,False
54674,False
54679,False
54695,False
54697,False
54698,False
54705,False
54706,False
54716,False
54723,False
54728,False
54730,False
54731,False
54756,False
54759,False
54760,False
54762,False
54763,False
54764,False
54794,False
54796,False
54797,False
54799,False
54818,False
54819,False
54820,False
54821,False
54823,False
54825,False
54860,False
54866,False
54869,False
54870,False
54871,False
54881,False
54884,False
54886,False
54891,False
54892,False
54894,False
54896,False
54897,False
54898,False
54901,False
54904,False
54908,False
54910,False
54912,False
54914,False
54917,False
54918,False
54920,False
54921,False
54922,False
54923,False
54925,False
54933,False
54934,False
54937,False
54943,False
54954,False
54955,False
54958,False
54961,False
54962,False
54964,False
54967,False
54968,False
54969,False
54973,False
54981,False
54985,False
54986,False
54987,False
54989,False
54990,False
54994,False
54995,False
55006,False
55008,False
55013,False
55014,False
55015,False
55017,False
55022,False
55024,False
55025,False
55026,False
55028,False
55029,False
55032,False
55034,False
55035,False
55036,False
55037,False
55038,False
55042,False
55055,False
55056,False
55060,False
55062,False
55065,False
55066,False
55068,False
55070,False
55071,False
55072,False
55076,False
55077,False
55112,False
55114,False
55115,False
55116,False
55144,False
55145,False
55146,False
55149,False
55152,False
55154,False
55155,False
55168,False
55169,False
55170,False
55171,False
55172,False
55173,False
55174,False
55180,False
55182,False
55183,False
55187,False
55188,False
55196,False
55198,False
55199,False
55202,False
55210,False
55212,False
55232,False
55235,False
55236,False
55238,False
55241,False
55245,False
55249,False
55251,False
55253,False
55257,False
55258,False
55259,False
55261,False
55266,False
55267,False
55270,False
55272,False
55275,False
55276,False
55277,False
55280,False
55281,False
55292,False
55293,False
55294,False
55295,False
55298,False
55300,False
55302,False
55308,False
55311,False
55315,False
55317,False
55318,False
55319,False
55321,False
55323,False
55327,False
55328,False
55331,False
55334,False
55336,False
55337,False
55341,False
55362,False
55364,False
55366,False
55368,False
55400,False
55403,False
55404,False
55406,False
55407,False
55411,False
55414,False
55415,False
55417,False
55418,False
55420,False
55423,False
55441,False
55442,False
55448,False
55449,False
55468,False
55472,False
55475,False
55476,False
55480,False
55481,False
55483,False
55489,False
55503,False
55504,False
55505,False
55511,False
55525,False
55527,False
55528,False
55529,False
55531,False
55533,False
55538,False
55539,False
55552,False
55557,False
55566,False
55568,False
55573,False
55574,False
55579,False
55581,False
55583,False
55584,False
55585,False
55586,False
55587,False
55591,False
55594,False
55595,False
55608,False
55610,False
55614,False
55618,False
55622,False
55626,False
55628,False
55629,False
55630,False
55631,False
55632,False
55635,False
55637,False
55638,False
55639,False
55642,False
55644,False
55650,False
55652,False
55653,False
55655,False
55656,False
55659,False
55660,False
55661,False
55667,False
55700,False
55703,False
55704,False
55708,False
55709,False
55710,False
55711,False
55721,False
55722,False
55726,False
55730,False
55736,False
55737,False
55738,False
55740,False
55746,False
55747,False
55748,False
55749,False
55750,False
55751,False
55752,False
55753,False
55759,False
55761,False
55762,False
55766,False
55771,False
55772,False
55773,False
55776,False
55777,False
55778,False
55779,False
55783,False
55784,False
55785,False
55786,False
55788,False
55792,False
55793,False
55796,False
55797,False
55805,False
55807,False
55809,False
55810,False
55812,False
55820,False
55838,False
55840,False
55843,False
55845,False
55846,False
55878,False
55879,False
55880,False
55881,False
55884,False
55886,False
55901,False
55905,False
55911,False
55913,False
55914,False
55917,False
55928,False
55931,False
55947,False
55956,False
55957,False
55964,False
55966,False
55972,False
55973,False
55980,False
55981,False
55987,False
56015,False
56018,False
56020,False
56022,False
56023,False
56025,False
56026,False
56029,False
56030,False
56033,False
56034,False
56035,False
56036,False
56037,False
56055,False
56064,False
56066,False
56068,False
56070,False
56072,False
56073,False
56074,False
56079,False
56082,False
56083,False
56085,False
56087,False
56089,False
56093,False
56101,False
56103,False
56105,False
56107,False
56109,False
56110,False
56113,False
56119,False
56120,False
56128,False
56129,False
56130,False
56131,False
56132,False
56133,False
56136,False
56137,False
56140,False
56141,False
56144,False
56146,False
56147,False
56152,False
56153,False
56159,False
56161,False
56163,False
56164,False
56167,False
56169,False
56171,False
56189,False
56192,False
56193,False
56198,False
56199,False
56210,False
56213,False
56214,False
56224,False
56225,False
56235,False
56237,False
56241,False
56242,False
56249,False
56250,False
56252,False
56256,False
56264,False
56268,False
56269,False
56271,False
56277,False
56278,False
56284,False
56306,False
56307,False
56310,False
56313,False
56314,False
56326,False
56331,False
56332,False
56333,False
56337,False
56338,False
56355,False
56357,False
56359,False
56370,False
56372,False
56374,False
56375,False
56376,False
56377,False
56379,False
56380,False
56381,False
56410,False
56415,False
56417,False
56418,False
56420,False
56421,False
56432,False
56433,False
56434,False
56436,False
56439,False
56455,False
56462,False
56464,False
56465,False
56469,False
56474,False
56475,False
56482,False
56484,False
56485,False
56486,False
56492,False
56507,False
56508,False
56509,False
56512,False
56522,False
56523,False
56524,False
56525,False
56526,False
56528,False
56529,False
56531,False
56532,False
56545,False
56546,False
56564,False
56565,False
56567,False
56569,False
56570,False
56571,False
56575,False
56578,False
56579,False
56581,False
56583,False
56584,False
56585,False
56587,False
56609,False
56612,False
56613,False
56615,False
56616,False
56617,False
56619,False
56634,False
56635,False
56637,False
56639,False
56641,False
56642,False
56643,False
56644,False
56646,False
56651,False
56652,False
56674,False
56675,False
56676,False
56677,False
56680,False
56681,False
56682,False
56686,False
56689,False
56691,False
56692,False
56698,False
56713,False
56714,False
56715,False
56718,False
56719,False
56721,False
56726,False
56727,False
56728,False
56748,False
56749,False
56750,False
56752,False
56753,False
56754,False
56760,False
56761,False
56768,False
56769,False
56771,False
56772,False
56773,False
56776,False
56777,False
56793,False
56802,False
56809,False
56810,False
56812,False
56814,False
56815,False
56841,False
56844,False
56845,False
56846,False
56856,False
56859,False
56860,False
56862,False
56865,False
56869,False
56878,False
56881,False
56883,False
56887,False
56888,False
56910,False
56928,False
56931,False
56934,False
56935,False
56940,False
56941,False
56942,False
56946,False
56954,False
56962,False
56963,False
56985,False
56986,False
56987,False
56989,False
56996,False
57001,False
57002,False
57004,False
57006,False
57017,False
57019,False
57020,False
57028,False
57029,False
57030,False
57032,False
57033,False
57034,False
57035,False
57040,False
57045,False
57047,False
57048,False
57049,False
57050,False
57051,False
57078,False
57080,False
57081,False
57082,False
57083,False
57088,False
57089,False
57094,False
57096,False
57099,False
57104,False
57111,False
57112,False
57114,False
57115,False
57117,False
57121,False
57139,False
57143,False
57144,False
57148,False
57149,False
57150,False
57156,False
57157,False
57158,False
57163,False
57164,False
57165,False
57167,False
57183,False
57184,False
57186,False
57187,False
57189,False
57190,False
57194,False
57197,False
57198,False
57199,False
57202,False
57204,False
57205,False
57208,False
57209,False
57229,False
57236,False
57239,False
57253,False
57254,False
57256,False
57257,False
57258,False
57260,False
57261,False
57263,False
57264,False
57265,False
57267,False
57268,False
57269,False
57270,False
57271,False
57296,False
57297,False
57298,False
57299,False
57301,False
57302,False
57303,False
57320,False
57322,False
57345,False
57353,False
57354,False
57355,False
57356,False
57357,False
57358,False
57360,False
57363,False
57376,False
57377,False
57384,False
57385,False
57387,False
57391,False
57394,False
57396,False
57398,False
57402,False
57403,False
57405,False
57407,False
57409,False
57412,False
57418,False
57420,False
57421,False
57422,False
57425,False
57428,False
57430,False
57432,False
57434,False
57437,False
57455,False
57462,False
57465,False
57466,False
57505,False
57506,False
57531,False
57532,False
57563,False
57565,False
57566,False
57567,False
57570,False
57572,False
57574,False
57575,False
57576,False
57577,False
57580,False
57590,False
57591,False
57592,False
57593,False
57594,False
57607,False
57608,False
57615,False
57616,False
57620,False
57624,False
57626,False
57627,False
57628,False
57629,False
57630,False
57634,False
57637,False
57640,False
57642,False
57645,False
57660,False
57665,False
57666,False
57667,False
57673,False
57674,False
57677,False
57678,False
57683,False
57684,False
57685,False
57693,False
57694,False
57698,False
57716,False
57717,False
57718,False
57722,False
57724,False
57726,False
57727,False
57731,False
57733,False
57734,False
57736,False
57737,False
57752,False
57755,False
57757,False
57758,False
57763,False
57764,False
57769,False
57776,False
57780,False
57783,False
57791,False
57792,False
57794,False
57795,False
57802,False
57809,False
57810,False
57811,False
57813,False
57818,False
57819,False
57820,False
57821,False
57838,False
57842,False
57849,False
57850,False
57851,False
57852,False
57856,False
57858,False
57859,False
57860,False
57871,False
57874,False
57877,False
57880,False
57881,False
57882,False
57884,False
57886,False
57895,False
57896,False
57901,False
57915,False
57921,False
57922,False
57927,False
57931,False
57933,False
57945,False
57946,False
57947,False
57949,False
57966,False
57969,False
57971,False
57972,False
57973,False
57974,False
57975,False
57978,False
57979,False
57987,False
57991,False
57992,False
58006,False
58007,False
58008,False
58017,False
58018,False
58019,False
58023,False
58024,False
58027,False
58030,False
58032,False
58034,False
58038,False
58039,False
58041,False
58042,False
58045,False
58048,False
58052,False
58054,False
58063,False
58064,False
58065,False
58067,False
58068,False
58069,False
58071,False
58072,False
58073,False
58076,False
58083,False
58084,False
58085,False
58088,False
58090,False
58091,False
58092,False
58093,False
58099,False
58102,False
58112,False
58113,False
58114,False
58116,False
58120,False
58121,False
58124,False
58125,False
58126,False
58135,False
58138,False
58139,False
58140,False
58141,False
58143,False
58144,False
58145,False
58146,False
58150,False
58155,False
58169,False
58173,False
58174,False
58177,False
58178,False
58179,False
58183,False
58186,False
58187,False
58188,False
58193,False
58194,False
58212,False
58213,False
58218,False
58223,False
58225,False
58254,False
58257,False
58262,False
58264,False
58282,False
58283,False
58285,False
58286,False
58294,False
58295,False
58297,False
58299,False
58300,False
58306,False
58310,False
58312,False
58313,False
58320,False
58321,False
58322,False
58324,False
58326,False
58332,False
58335,False
58344,False
58346,False
58350,False
58351,False
58352,False
58374,False
58375,False
58378,False
58382,False
58384,False
58386,False
58405,False
58407,False
58408,False
58410,False
58414,False
58421,False
58431,False
58432,False
58433,False
58436,False
58439,False
58453,False
58456,False
58459,False
58460,False
58467,False
58470,False
58471,False
58473,False
58474,False
58476,False
58477,False
58481,False
58484,False
58488,False
58490,False
58491,False
58502,False
58503,False
58506,False
58508,False
58509,False
58510,False
58511,False
58513,False
58514,False
58515,False
58517,False
58525,False
58526,False
58527,False
58528,False
58530,False
58531,False
58538,False
58553,False
58554,False
58555,False
58560,False
58561,False
58565,False
58569,False
58572,False
58583,False
58584,False
58588,False
58591,False
58592,False
58599,False
58604,False
58605,False
58606,False
58611,False
58612,False
58613,False
58617,False
58618,False
58629,False
58631,False
58638,False
58643,False
58648,False
58649,False
58651,False
58652,False
58653,False
58655,False
58679,False
58681,False
58707,False
58716,False
58717,False
58719,False
58732,False
58737,False
58744,False
58746,False
58749,False
58758,False
58763,False
58801,False
58845,False
58867,False
58868,False
58870,False
58875,False
58880,False
58887,False
58890,False
58896,False
58897,False
58898,False
58899,False
58907,False
